Number,Address,List Date,Price,Days on market,Total floor area,Year Built,Age,Lot Size
1,3178 GRAVELEY STREET,5/8/2020,1500000,18,2447,1946,74,5674
2,1438 E 28TH AVENUE,1/22/2020,1300000,7,2146,1982,38,3631.98
3,2831 W 49TH AVENUE,6/18/2019,2650000,1,3108,1929,90,9111
4,2645 TRIUMPH STREET,6/18/2019,1385000,28,2602,1922,97,4022.7
5,741-743 E 10TH AVENUE,11/28/2019,1590000,17,1843,1970,49,4026
6,86 W 21ST AVENUE,3/3/2020,2565000,7,2439,1989,31,4026
7,2418 E 54TH AVENUE,8/12/2019,1303000,9,2100,1979,40,3298.48
8,1787 E 57TH AVENUE,6/13/2019,1150000,10,1900,1950,69,6574.82
9,2926 TRIMBLE STREET,8/16/2019,2500000,10,2133,2005,14,3360
10,466 E 60TH AVENUE,10/17/2019,2400000,44,3989,2019,0,4412
11,150 W 42ND AVENUE,10/24/2019,2870000,22,3509,1995,24,5859
12,4010 INVERNESS STREET,9/23/2019,1355000,71,1902,1926,93,3196.85
13,8233 FRENCH STREET,3/20/2019,1638000,168,2317,1988,31,3752.1
14,2855 W 38TH AVENUE,5/25/2020,2880000,2,2286,1941,79,5808
15,3238 E PENDER STREET,2/11/2020,1270000,1,3128,1910,110,5424
16,4329 PERRY STREET,2/3/2020,1175000,25,1368,1948,72,3644.1
17,2907 W 30TH AVENUE,10/30/2019,2725000,12,3222,1936,83,5676.75
18,2095 E 28TH AVENUE,1/5/2020,1910000,37,3011,2020,0,3465
19,4030 PRINCE ALBERT STREET,1/6/2020,1181000,60,1929,1923,97,3484.8
20,2241 E 4TH AVENUE,3/23/2020,2489000,4,3452,2001,19,4550
21,6168 COMMERCIAL STREET,8/7/2019,1480000,31,2373,1992,27,3877.5
22,1431 RUPERT STREET,4/23/2019,1300000,108,2610,1971,48,4127.13
23,6192 LARCH STREET,10/26/2019,2700000,65,2602,1925,95,6227.1
24,235 E 62ND AVENUE,2/3/2020,1300000,22,1920,1968,52,3267
25,342 E 23RD AVENUE,7/16/2019,2910000,7,3330,2019,0,4048
26,2277 BONNYVALE AVENUE,5/28/2019,1498000,16,2150,1953,66,5607.1
27,5515 ARGYLE STREET,3/28/2019,2240000,143,3612,2019,0,4108.5
28,3775 WINDSOR STREET,3/16/2020,2275000,5,3316,1925,95,4026
29,2783 E 27TH AVENUE,5/22/2019,1410000,22,3166,2019,0,3630
30,495 E 60TH AVENUE,5/1/2020,1240000,4,1600,1949,71,4082.34
31,2823 W 24TH AVENUE,2/19/2020,2823000,59,2819,2010,10,4026
32,2056 E 2ND AVENUE,6/17/2019,2175000,41,2729,1912,107,4026
33,959 E 13TH AVENUE,8/16/2019,1498000,2,1799,1949,70,4026
34,4925 SHERBROOKE STREET,6/7/2019,1200000,75,1762,1954,65,4312
35,2614 E 18TH AVENUE,7/3/2019,2015000,24,3119,2018,1,3630
36,1749 GRANT STREET,4/2/2020,1610000,7,2951,1940,80,4356
37,1564 E 63RD AVENUE,11/18/2019,1570000,17,2560,1959,60,5580
38,1829 STEPHENS STREET,1/21/2020,1430000,86,1963,1911,109,2045.75
39,8571 WILTSHIRE STREET,7/8/2019,2100000,2,2450,1956,63,6000
40,3191 W 38TH AVENUE,4/20/2020,2898000,7,2792,1924,96,6525
41,4811 JOYCE STREET,11/28/2018,1400000,308,2000,1949,70,6187.5
42,7482 GATINEAU PLACE,11/12/2019,1677000,21,3036,1962,57,6033
43,2421 PANDORA STREET,2/4/2020,1700000,36,2500,1984,36,4026
44,1576 W 16TH AVENUE,7/3/2019,2800000,136,3095,1946,73,8871.25
45,5806 QUEBEC STREET,6/11/2019,1600000,8,1122,1946,73,4121
46,2342 E 28TH AVENUE,9/3/2019,1580000,3,2214,1914,105,4026
47,7248 KNIGHT STREET,6/14/2019,967000,2,1958,1949,70,4026
48,8577 CORNISH STREET,10/31/2019,2300000,2,3094,1996,23,5163
49,325 E 57TH AVENUE,7/16/2019,1650000,69,2362,2013,6,3388
50,1017 E 13TH AVENUE,1/7/2020,1605000,6,2381,1912,108,4026
51,1322 E 54TH AVENUE,4/3/2020,1175000,25,2256,1963,57,3874
52,6526 DAWSON STREET,4/14/2020,2630000,20,4704,2013,7,5640
53,4244 VICTORIA DRIVE,3/24/2020,1300000,6,2167,1926,94,4895
54,1312 W 59TH AVENUE,7/25/2019,2320000,20,3189,1988,31,5280
55,8473 ISABEL PLACE,10/9/2019,2390000,2,3320,2009,10,5827
56,3705 W 21ST AVENUE,3/3/2020,2215000,6,2033,1928,92,4026
57,1743 E 49TH AVENUE,8/27/2019,1370000,34,2628,1966,53,4635.87
58,5085 INVERNESS STREET,3/2/2020,1915000,7,2805,1945,75,5194
59,7567 ONTARIO STREET,4/27/2020,2028000,6,2300,1990,30,3700
60,2765 E 27TH AVENUE,2/13/2020,1188000,4,2132,1927,93,3696
61,460 E 54TH AVENUE,7/2/2019,2333333,260,3311,2019,1,4026
62,1026 HAZELTON STREET,6/4/2019,1235000,110,1521,1950,69,4726.48
63,4694 W 7TH AVENUE,3/31/2019,1910000,134,2158,1985,34,3719
64,1620 E 11TH AVENUE,10/16/2019,1178000,87,1600,1912,108,3175
65,1396 E 47TH AVENUE,7/8/2019,1240000,205,2125,1964,56,5112
66,3168 E 18TH AVENUE,8/6/2019,1225000,32,2066,1947,72,3630
67,6791 MAIN STREET,1/7/2020,1200000,3,1625,1949,71,3452.49
68,2198 E 33RD AVENUE,10/10/2019,1800000,97,2711,2013,7,3795
69,1865 E 53RD AVENUE,6/26/2019,1295000,0,2214,1907,112,3385.6
70,6588 VIVIAN STREET,6/26/2019,2820000,6,4987,2018,1,5631.36
71,3226 E 5TH AVENUE,6/4/2019,2199900,125,3455,2015,4,4026
72,2229 NEWPORT AVENUE,6/3/2019,1890000,87,2881,2008,11,4816
73,736 W 46TH AVENUE,5/22/2019,2350000,50,1682,1963,56,7102
74,3027 E 20TH AVENUE,11/8/2019,1200000,12,2661,1968,51,3638.02
75,4839 INVERNESS STREET,10/16/2019,2435000,97,3130,2018,2,3542
76,4785 ELGIN STREET,9/2/2019,1500000,16,2312,1912,107,3542.4
77,3506 NAPIER STREET,8/28/2019,1205000,67,2253,1989,30,3631.5
78,796 E 56TH AVENUE,12/9/2019,1250000,8,3107,1938,81,4102
79,1140 HAZELTON STREET,12/31/2019,1500000,7,1984,2002,18,3546.18
80,3770 W 13TH AVENUE,3/31/2020,2600000,3,2177,1925,95,4026
81,3641 ADANAC STREET,3/4/2020,1300000,5,2523,1912,108,3396.8
82,780 E 50TH AVENUE,8/22/2019,1471500,71,2548,1982,37,4290
83,2979 E 7TH AVENUE,2/20/2020,1260000,4,2273,1950,70,4026
84,3364 W 36TH AVENUE,2/18/2020,3000000,8,2982,1930,90,6512.5
85,2136 W 15TH AVENUE,12/16/2019,2400000,86,2936,1929,91,6250
86,2451 TRIUMPH STREET,4/14/2020,1250000,13,2554,1931,89,4026
87,5848 FLEMING STREET,10/16/2019,2300000,48,3394,2016,3,4092
88,1633 E 11TH AVENUE,6/3/2019,1800000,21,2691,1922,97,6286.5
89,4020 W 40TH AVENUE,10/22/2019,2955000,110,3196,1996,24,5488
90,3284 W 35TH AVENUE,5/15/2020,2355000,7,2667,1940,80,4797
91,3120 TURNER STREET,6/21/2019,1212500,30,1906,1941,78,3630
92,4720 DUNBAR STREET,7/29/2019,1925000,5,3191,1927,92,4197.6
93,7438 MUIRFIELD DRIVE,10/30/2019,1908000,11,3227,1997,22,5391.31
94,2127 E 4TH AVENUE,3/18/2020,1260000,8,1236,1927,93,3900
95,4649 W 8TH AVENUE,8/26/2019,2100000,64,1911,1926,93,3719
96,2876 E 22ND AVENUE,3/4/2020,1100000,13,1604,1938,82,3960
97,836 W 22ND AVENUE,5/12/2020,2689000,0,1402,1926,94,5124
98,3404 E 4TH AVENUE,2/24/2020,1225000,8,1702,1952,68,4092
99,3707 W 3RD AVENUE,2/28/2020,2550000,42,1800,1946,74,4872
100,3551 WELLINGTON AVENUE,10/23/2019,1550000,4,2265,1949,70,7213
101,95 PENTICTON STREET,2/15/2020,1508000,4,1674,1949,71,4045
102,597 W 20TH AVENUE,5/21/2019,2296000,41,2334,2000,19,3288.6
103,2997 TURNER STREET,5/27/2019,2047619,122,3748,2019,0,4356
104,2281 E 2ND AVENUE,10/18/2019,1420000,13,2005,1929,90,4026
105,746 E KING EDWARD AVENUE,1/29/2020,1988000,19,2660,2006,14,5907
106,3535 ADANAC STREET,8/8/2019,1100000,34,2439,1976,43,3507.9
107,558 E 20TH AVENUE,9/11/2019,2648000,8,3814,2020,0,6039
108,1866 E 50TH AVENUE,10/17/2019,1470000,30,2160,1995,24,3600
109,2612 KITCHENER STREET,7/15/2019,1360000,23,2596,1980,39,4191
110,3333 W 22ND AVENUE,8/27/2019,2408000,70,2953,1989,30,4026
111,3334 E 27TH AVENUE,2/5/2020,2152000,56,3416,2020,0,3960
112,230 PEVERIL AVENUE,9/11/2019,2500000,64,2181,1942,77,5893
113,275 E 28TH AVENUE,11/18/2019,2068000,8,3657,1914,105,4268.88
114,7823 SHAUGHNESSY STREET,1/12/2020,2025000,21,2360,1994,26,3964.23
115,3437 E 24TH AVENUE,6/26/2019,1125000,25,1499,1912,107,3959
116,2244 W 45TH AVENUE,10/10/2019,1940000,7,3010,1915,104,3960
117,3636 W 15TH AVENUE,3/16/2020,1480000,41,1005,1987,33,2013.17
118,7806 JASPER CRESCENT,1/15/2020,1550000,1,2860,1990,30,4658
119,2813 W 21ST AVENUE,3/20/2019,2480000,183,2923,1994,25,4880
120,1188 KOOTENAY STREET,10/21/2019,1361500,44,2065,1995,25,3348
121,1765 ISLAND AVENUE,5/14/2019,862500,119,1800,1991,28,3418
122,3441 TRIUMPH STREET,8/6/2019,1150000,57,1967,1928,91,4026
123,4818 RUPERT STREET,10/15/2019,1350000,0,2099,1999,20,3498
124,6643 VIVIAN STREET,4/5/2019,2361905,91,3906,2018,1,4800
125,2835 STEPHENS STREET,6/3/2019,1750000,5,2385,1912,107,2871
126,2201 E 41ST AVENUE,11/29/2019,1516789,46,2000,1944,76,5107
127,3468 PANDORA STREET,2/26/2020,1200000,14,2033,1911,109,4026
128,539 W 18TH AVENUE,6/25/2019,2548000,34,2170,2011,8,3015.87
129,4014 W 36TH AVENUE,10/21/2019,2900000,58,3715,1940,79,6900.6
130,1346 E 15TH AVENUE,8/9/2019,1150000,21,1504,1975,44,2047
131,3221 KITCHENER STREET,10/11/2019,1649000,59,2465,1983,36,4191
132,3468 WORTHINGTON DRIVE,7/8/2019,1588000,8,2369,1999,20,4510
133,3555 ST. CATHERINES STREET,6/18/2019,1998000,5,1701,1989,30,3050
134,3838 INVERNESS STREET,1/21/2019,1120000,327,2230,1911,108,2830.58
135,165 W 22ND AVENUE,1/13/2020,2985000,12,3275,1960,60,4026
136,3279 W 11TH AVENUE,6/24/2019,2030000,152,3107,1928,91,4029
137,3451 QUEBEC STREET,9/30/2019,1415000,7,1584,1905,114,1600
138,7225 HUDSON STREET,9/17/2019,3000000,55,3503,1987,32,13078
139,4285 ST. GEORGE STREET,2/3/2020,1690000,7,2391,1979,41,3994.5
140,4468 ONTARIO STREET,1/21/2020,2650000,20,3011,2017,3,3422.13
141,500 E 11TH AVENUE,2/10/2020,1910000,10,3611,1902,118,4026
142,3145 E 50TH AVENUE,2/25/2019,2440000,158,3777,2014,5,5417
143,719 E 38 AVENUE,2/18/2020,1150000,1,2746,1977,43,4026
144,554 W 59TH AVENUE,10/11/2019,1800000,62,2508,1957,62,6776.02
145,108 W 45TH AVENUE,8/9/2019,1815000,152,1321,1945,75,4535
146,3285 KITCHENER STREET,5/9/2019,1825000,39,3664,1974,45,6287
147,3320 E 44TH AVENUE,9/7/2019,1150000,126,1784,1912,108,3807
148,2244 E PENDER STREET,9/9/2019,1180000,17,1798,1912,107,2178
149,3122 E 47TH AVENUE,3/2/2019,1090000,289,1891,1958,61,3395.7
150,2806 ETON STREET,1/21/2019,1835000,247,3613,1951,68,6100
151,1121 E 27TH AVENUE,9/9/2019,1380000,4,1906,1991,28,2966.95
152,5204 CHESTER STREET,3/12/2020,2299000,29,3142,2018,2,3630
153,5583 FLEMING STREET,3/2/2020,1380000,9,2250,1953,67,5346
154,268 E 48TH AVENUE,11/14/2019,2415000,40,3870,2014,6,4620
155,757 PRIOR STREET,3/13/2020,1848000,55,3059,1905,115,3302.5
156,1319 E 29TH AVENUE,3/23/2020,1715000,4,2213,1962,58,3960
157,3044 GLEN DRIVE,3/19/2020,1574000,47,2868,1912,108,3960
158,3236 E 47TH AVENUE,2/17/2020,1290000,11,2209,1971,49,3382.5
159,1233 VICTORIA DRIVE,7/4/2019,1665000,22,2609,1912,107,3267
160,6174 BEATRICE STREET,1/21/2020,1300000,7,2418,1962,58,3877.5
161,870 W 61ST AVENUE,5/14/2019,1915000,128,2117,1987,32,3660
162,3438 ST. GEORGE STREET,1/7/2020,2050000,14,1801,2016,4,3019.5
163,5163 ELGIN STREET,2/27/2020,2300000,68,2251,2019,1,3234
164,2270 SW MARINE DRIVE,3/10/2020,2685000,70,3490,1955,65,15983
165,6515 KERR STREET,7/29/2019,1355000,14,2385,1959,60,5385
166,2930 CHARLES STREET,11/11/2019,2175000,58,3658,2019,1,4191
167,2957 E BROADWAY,2/10/2020,1748000,4,2420,2006,14,4999.5
168,4756 ARGYLE STREET,9/24/2019,1425000,15,2591,1945,75,6070
169,1344 E 41ST AVENUE,7/9/2019,1168000,80,1812,1959,60,3135
170,760 E 63RD AVENUE,9/5/2019,1150000,35,2505,1945,74,4145.57
171,2385 W 16TH AVENUE,5/22/2020,2550000,6,3294,1940,80,6250
172,3467 FRANKLIN STREET,2/24/2020,1235000,18,1974,1929,91,4026
173,2895 ALAMEIN AVENUE,3/23/2020,2955000,39,2588,1993,27,4171.75
174,3266 E PENDER STREET,6/19/2019,1300000,120,2498,2007,12,5425
175,557 E 11TH AVENUE,2/18/2020,2255000,7,3089,1910,110,4026
176,761 E 55TH AVENUE,6/20/2019,1575000,4,2684,1985,34,3950
177,2442 E 10TH AVENUE,2/24/2020,1762000,1,2620,1968,52,6400
178,2720 WATERLOO STREET,5/31/2019,1867000,10,2506,1925,94,3960
179,1087 PARK DRIVE,5/2/2019,2175000,88,3414,1912,107,5640
180,2161 W 48TH AVENUE,2/24/2020,2800000,38,2871,1924,96,5900
181,8141 LAUREL STREET,5/6/2019,2090000,243,3000,1951,69,6035.04
182,5284 ELGIN STREET,2/25/2020,1270000,10,1834,1934,86,3300
183,488 AUBREY PLACE,5/9/2019,1675000,103,2074,1960,59,5311
184,3337 WORTHINGTON DRIVE,9/25/2019,2140000,7,3445,2012,7,4900
185,2949 W 28TH AVENUE,3/23/2020,2610000,62,2441,2014,6,3328
186,5569 COMMERCIAL STREET,6/4/2019,1371100,36,2603,1982,37,4052
187,6272 BUTLER STREET,5/15/2020,1638000,5,1918,1948,72,5283.23
188,716 E 11TH AVENUE,11/25/2019,1700000,7,3597,1908,111,4026
189,2127 E 46TH AVENUE,12/11/2019,2195000,108,3540,2019,1,4026
190,4675 NANAIMO STREET,9/10/2019,1500000,82,2206,1967,52,4760.3
191,990 E 11TH AVENUE,5/2/2019,1390000,84,3100,1926,93,4026
192,1724 MCSPADDEN AVENUE,4/1/2020,1480000,6,2110,1911,109,2500
193,3425 E GEORGIA STREET,10/11/2019,1225000,19,2324,1971,48,3850
194,3539 HULL STREET,12/18/2019,1325000,6,2400,1918,102,4270
195,8361--8365 CARTIER STREET,10/31/2019,1750000,4,2414,1977,42,4052.4
196,2275 SLOCAN STREET,7/4/2019,2150000,55,3453,2019,0,4026
197,2020 NANTON AVENUE,3/17/2020,3000000,14,3329,1964,56,7200
198,2775 WARD STREET,8/8/2017,1150000,719,1700,1932,87,3366
199,3809 W KING EDWARD AVENUE,11/4/2019,2480000,3,2925,1929,90,6039
200,2428 FRANKLIN STREET,3/13/2020,1000000,23,938,1922,98,4027.32
201,1589 E 35TH AVENUE,3/16/2020,1520000,7,2182,1995,25,3630
202,2688 E 57TH AVENUE,11/5/2019,2171428,30,3491,2019,0,4062
203,2810 MCGILL STREET,9/11/2019,1218000,5,1976,1930,89,4022
204,2217 E 48TH AVENUE,8/12/2019,1398888,8,2497,1973,46,4026
205,1810 W 61ST AVENUE,9/30/2019,2388000,120,3146,1967,53,7670
206,407 E KING EDWARD AVENUE,4/15/2020,1575000,5,1912,1910,110,2188
207,1304 E 36TH AVENUE,7/16/2019,1750000,124,3082,2017,2,3657
208,2180 RENFREW STREET,8/12/2019,1025000,207,3108,1946,74,4026
209,5824 CHESTER STREET,9/23/2019,1150000,1,1547,1929,90,4026
210,2326 W 45TH AVENUE,7/5/2019,2258000,38,2814,1971,48,4080
211,285 E 18TH AVENUE,3/13/2020,1818000,8,2369,1913,107,6032.56
212,6388 GRANVILLE STREET,5/29/2019,2228000,30,3363,1945,74,7750
213,2864 E 22ND AVENUE,4/29/2019,1155000,71,2007,1961,58,3960
214,3588 W 28TH AVENUE,9/3/2019,2150000,10,2767,1935,84,6495
215,6905 DUMFRIES STREET,10/22/2019,1415000,21,2474,1972,47,4011.48
216,2136 FRANKLIN STREET,10/29/2019,1225000,9,2142,1913,106,4199.24
217,541 E 28TH AVENUE,6/17/2019,1840000,7,2232,1964,55,4727.25
218,2135 E 2ND AVENUE,7/2/2019,1330000,23,2098,1958,61,4026
219,3166 E 1ST AVENUE,9/12/2019,1288000,12,2705,1975,44,4224.35
220,2375 BURQUITLAM DRIVE,3/19/2019,1888000,136,3867,2005,14,6435
221,2077 WAVERLEY AVENUE,6/17/2019,1228000,13,2716,1982,37,3696
222,4728 LITTLE STREET,6/17/2019,900000,31,1700,1930,89,3280
223,3804 W 22ND AVENUE,5/5/2020,2470000,4,2450,1926,94,4026
224,716 CASSIAR STREET,1/14/2020,1010000,9,2032,1933,87,4026
225,3385 ANZIO DRIVE,5/6/2020,1865000,13,3231,2004,16,4950
226,1767 W 61ST AVENUE,6/26/2019,2830000,12,3894,1992,27,6500
227,5968 KNIGHT STREET,3/18/2020,1199000,5,2666,1965,55,5063
228,3693 DUNDAS STREET,11/12/2019,1710000,132,2457,1927,93,3818.6
229,2147 E PENDER STREET,2/18/2020,1851000,6,2580,1912,108,3019.5
230,1582 W 68TH AVENUE,9/3/2019,2012000,27,2361,1992,27,3828
231,601 W 22ND AVENUE,6/18/2019,2700000,52,2195,1911,108,4350.52
232,4615 W 15TH AVENUE,6/17/2019,2248000,26,2468,1987,32,4026
233,4228 W 10TH AVENUE,2/5/2020,1885000,8,2317,1927,93,4026
234,6276 BROOKS STREET,7/24/2019,1950000,44,3900,1991,28,5245
235,3055 WATERLOO STREET,6/17/2019,1999999,4,2065,1947,72,3696
236,5622 CULLODEN STREET,3/17/2020,1450000,49,1668,1948,72,5384
237,2327 COLLINGWOOD STREET,1/31/2020,1900000,19,2644,1912,108,2400
238,3140 WATERLOO STREET,4/15/2020,2650000,23,2958,2004,16,3696
239,14 W 14TH AVENUE,8/26/2019,1445000,73,2425,1910,109,3267
240,1929 W 45TH AVENUE,3/13/2019,2880000,213,3749,1927,92,6725
241,3399 PRICE STREET,6/19/2019,2070000,5,3573,2018,1,4160
242,3390 E 49TH AVENUE,10/15/2018,1275000,305,2990,1958,61,5200.8
243,290 NIGEL AVENUE,2/10/2020,2556000,16,3000,1990,30,4980
244,3692 TURNER STREET,9/12/2019,1450000,91,2229,2004,15,4048
245,3120 ST. CATHERINES STREET,6/18/2019,1856500,8,3100,1925,94,4275.4
246,3079 W 6TH AVENUE,9/4/2019,2350000,6,2417,1929,90,3599.64
247,2645 E 7TH AVENUE,2/19/2020,1302000,0,834,1928,92,4026
248,3562 W 5TH AVENUE,10/21/2019,2200000,52,2663,1912,107,3300
249,6950 INVERNESS STREET,9/20/2019,2250000,23,3550,2018,1,4026
250,1637 W 62ND AVENUE,2/26/2020,2430000,20,3313,1927,93,6500
251,2047 E 25TH AVENUE,11/28/2019,1298000,15,1925,1955,65,3778.5
252,2995 W 14TH AVENUE,10/2/2019,2383325,2,2121,1928,92,4831.2
253,4499 NANAIMO STREET,10/9/2019,1415000,105,2410,1992,28,4026
254,2421 EDDINGTON DRIVE,7/8/2019,2860000,119,4263,1990,29,7222
255,922 E 51ST AVENUE,5/10/2019,1870000,139,3078,1997,22,5124
256,3330 W 23RD AVENUE,7/9/2019,2318888,63,2200,1991,28,4026
257,6770 SHERBROOKE STREET,2/25/2020,2190476,12,3559,2019,1,3936
258,3256 GRANT STREET,3/8/2020,1550000,2,2386,1964,56,4158
259,4752 VICTORIA DRIVE,9/16/2019,1264300,161,1600,1929,91,3136
260,941 E 64TH AVENUE,8/21/2019,1808000,114,2876,2013,7,4113.18
261,958 E 38TH AVENUE,10/18/2019,2556000,7,3456,2019,0,4026
262,2079 W 46TH AVENUE,10/1/2019,2378000,67,2731,1924,95,6750
263,6172 PRINCE ALBERT STREET,11/29/2019,1365000,0,1733,1953,66,4026
264,3035 CHARLES STREET,9/30/2019,1260000,7,1918,1981,38,3268.6
265,4183 ST. GEORGE STREET,8/6/2019,1310000,39,1927,1912,107,3600
266,7188 STIRLING STREET,3/4/2020,2274200,27,3529,2010,10,5040
267,2760 WATERLOO STREET,2/29/2020,2830000,10,2625,2007,13,3267
268,4430 W 7TH AVENUE,2/17/2020,2348500,57,2582,1938,82,3715.8
269,1661 E 35TH AVENUE,2/28/2019,1100000,112,2212,1950,69,3630
270,4538 SOPHIA STREET,2/24/2020,1629000,16,2481,1910,110,3603.6
271,2733 FRASER STREET,10/15/2019,1720000,21,2808,1913,106,2646
272,3478 W 36TH AVENUE,9/9/2019,2800000,0,2823,1926,93,6512
273,62 W 63RD AVENUE,2/12/2020,1990000,2,2353,1988,32,3957
274,3577 PRICE STREET,1/22/2020,1190000,123,1672,1956,64,4570.5
275,2375 E 37TH AVENUE,4/10/2019,1290000,76,2520,1955,64,3916
276,304 E 37TH AVENUE,3/30/2020,1650000,30,2034,1931,89,3936.4
277,1404 W 64TH AVENUE,7/2/2019,1520000,22,1980,1951,68,3799
278,3320 E 29TH AVENUE,5/7/2019,1368888,80,2005,2002,17,3731
279,1819 E 6TH AVENUE,11/4/2019,1325000,10,1058,1945,74,2500
280,1666 SW MARINE DRIVE,8/14/2019,2300000,39,5615,1949,70,11700
281,2521 NAPIER STREET,9/16/2019,983000,9,1480,1930,89,3564
282,1225 EAST 35TH AVENUE,8/16/2019,1200000,4,1974,1978,41,3214.53
283,4778 FLEMING STREET,10/5/2019,1400000,13,2564,1986,33,4042.5
284,6350 ALMA STREET,2/20/2019,2010000,143,2838,1971,48,6825
285,3138 E 16TH AVENUE,5/1/2019,1430000,108,2548,1966,53,4811.45
286,3573 TANNER STREET,7/2/2019,1088000,4,1674,1930,89,3960
287,1718 LAKEWOOD DRIVE,5/9/2019,1650000,48,2682,1968,51,4026
288,837 KEEFER STREET,7/15/2019,2051000,8,2915,1901,118,3050
289,4023 W 15TH AVENUE,4/24/2019,2300000,108,1930,1928,91,4023.36
290,3468 NORMANDY DRIVE,9/8/2019,1437000,15,2840,1977,42,4510
291,4335 JOHN STREET,4/16/2020,1790000,23,1660,1910,110,3678
292,2817 W 29TH AVENUE,9/3/2019,2430000,12,2587,1988,31,4296
293,2986 E 42ND AVENUE,1/17/2020,2200000,9,3211,2008,12,4880
294,3494 W 22ND AVENUE,1/22/2020,2241000,7,2421,1970,50,4026
295,2539 E GEORGIA STREET,10/15/2019,1155000,18,1484,1913,106,3547.5
296,225 E 57 AVENUE,9/10/2019,1560000,94,3098,1960,59,4322
297,4206 BEATRICE STREET,10/10/2019,1538100,10,3075,1920,99,3996
298,1765-1767 E 15TH AVENUE,4/8/2019,1350000,78,2525,1911,108,4026
299,531 E 18TH AVENUE,5/5/2020,1449000,3,2349,1959,61,4026
300,2676 E 4TH AVENUE,3/18/2020,1400000,15,1953,1942,78,4026
301,425 E 63RD AVENUE,11/21/2019,1440000,16,2198,1961,58,5034
302,6720 INVERNESS STREET,7/15/2019,1210000,6,1880,1956,63,4092
303,2031 COLLINGWOOD STREET,10/25/2019,2025000,6,3185,1912,107,3600
304,8221 CARTIER STREET,5/6/2020,1713000,6,1831,1927,93,4026
305,4544 W 13TH AVENUE,5/12/2020,2350000,7,2694,1930,90,4026
306,3296 E 6TH AVENUE,10/18/2019,1390000,13,2600,1983,36,4026
307,8078 HAIG STREET,9/17/2019,2300000,2,3206,2019,0,3846
308,2525 W 8TH AVENUE,2/28/2020,2800000,10,2658,1922,98,6000
309,3537 DUNDAS STREET,9/30/2019,1125000,22,1974,1952,67,4026
310,7061 CYPRESS STREET,5/29/2019,3000000,24,3602,1928,91,8580
311,2148 GRAVELEY STREET,7/12/2019,2170000,7,2549,1911,108,4026
312,3116 W 3RD AVENUE,8/22/2019,2300000,7,3228,1937,82,3951.75
313,2782 E 48TH AVENUE,11/19/2019,1780000,48,3300,1955,65,6545
314,5507 CHAMBERS STREET,3/9/2020,1880000,7,2878,2007,13,4998
315,1665 LILLOOET STREET,1/21/2019,815000,134,400,1968,51,3842
316,7749 MUNROE CRESCENT,4/27/2020,1580000,3,2895,1973,47,6325
317,2331 E 6TH AVENUE,8/19/2019,1899000,6,2433,1924,95,4026
318,3164 E 46TH AVENUE,9/30/2019,1130000,15,1709,1962,57,3366
319,1943 NAPIER STREET,12/4/2019,2200000,5,3100,1909,110,4026
320,948 W 22ND AVENUE,7/10/2019,2118000,90,2494,1939,80,4026
321,3150 GRANT STREET,12/10/2019,1495000,28,1626,1946,74,5080
322,2748 DUNDAS STREET,3/3/2020,1608000,6,2763,1926,94,5856
323,4703 COMMERCIAL STREET,4/15/2020,1333000,7,2130,1963,57,4092
324,2712 WAVERLEY AVENUE,10/15/2019,1590000,3,2571,1962,57,4867.8
325,2128 W 21ST AVENUE,4/27/2020,2760000,0,1616,1930,90,6100
326,3815 W 31ST AVENUE,10/17/2019,2160000,5,2911,1935,84,4293.31
327,125 E 53RD AVENUE,8/22/2019,2388000,8,3493,1991,28,5856
328,3025 WATERLOO STREET,4/14/2020,2250000,10,2259,1990,30,3696
329,5149 FAIRMONT STREET,12/6/2019,1335000,58,1845,1999,21,3267
330,82 E 45TH AVENUE,8/6/2019,1880000,8,2460,1957,62,4032
331,3333 VENABLES STREET,4/6/2020,1357000,25,1993,1999,21,3547.5
332,189 W 46TH AVENUE,4/8/2019,2060000,58,3078,1986,33,5160
333,369 E 34TH AVENUE,2/14/2020,1319000,10,1809,1910,110,3481.5
334,1222 E 61ST AVENUE,7/15/2019,1526000,20,2142,2003,16,3762
335,265 E 36TH AVENUE,4/9/2019,1340000,93,2154,1961,58,3902
336,495 E 61ST AVENUE,2/17/2020,1175000,9,1754,1954,66,3536.57
337,3875 LILLOOET STREET,5/31/2019,1150000,39,1864,1946,73,4120.5
338,125 E 22ND AVENUE,2/18/2020,2000000,6,2179,1905,115,3904
339,7642 OSLER STREET,4/22/2020,1661000,5,1678,1945,75,4356
340,4331 MILLER STREET,6/18/2019,999999,165,1445,1925,94,2788
341,3536 WORTHINGTON DRIVE,2/10/2020,2420000,24,3856,2019,1,4513
342,3962 W 30TH AVENUE,9/19/2019,2898000,6,734,1929,90,6500
343,3454 E 4TH AVENUE,8/20/2019,2060000,5,2908,2018,1,4094.64
344,2496 E 3RD AVENUE,10/17/2019,1850000,5,2466,2003,16,4026
345,92 MALTA PLACE,2/8/2019,1300000,118,1680,1948,71,10287
346,557 E 56TH AVENUE,7/3/2019,1175000,25,2944,1912,107,3564
347,165 E 55TH AVENUE,8/13/2018,1370000,338,1950,1952,67,3882.88
348,3276 E 2ND AVENUE,10/18/2019,1308000,20,1585,1951,68,4960.4
349,2380 E 5TH AVENUE,5/11/2020,1520000,8,2404,1921,99,4026
350,2720 W 6TH AVENUE,5/6/2019,2350000,36,2881,1914,105,2990.36
351,273 E 58TH AVENUE,7/12/2019,1860000,34,2970,2016,3,3692.7
352,6710 BROOKS STREET,5/21/2019,1570000,35,2732,1983,36,4617.54
353,3517 ADANAC STREET,11/18/2019,1380000,82,2109,1988,32,3573.9
354,1170 E 63RD AVENUE,2/21/2020,1455000,12,2426,1966,54,5583
355,401 E 55TH AVENUE,3/26/2019,1750000,85,2537,2012,7,3696
356,3472 TRIUMPH STREET,1/14/2019,1350000,150,2021,1928,91,5856
357,4583 W 14TH AVENUE,2/21/2020,2068000,0,1508,1928,92,4096
358,2866 WATERLOO STREET,11/6/2019,1850000,12,1944,1928,91,4022.9
359,6267 DUNBAR STREET,4/16/2019,1970000,158,1680,1962,57,6830
360,2159 E 13TH AVENUE,3/18/2020,1550000,27,2280,1958,62,4875
361,1410 E 12TH AVENUE,2/18/2020,1161900,60,2508,1911,109,4026
362,2236 E 34TH AVENUE,1/2/2020,1600000,5,2621,1982,38,4026
363,2108 E 54TH AVENUE,7/23/2019,1400000,20,2715,1976,43,4493.7
364,1369 E 37TH AVENUE,11/25/2019,2088000,8,2588,2012,7,3630
365,3262 ONTARIO STREET,12/1/2019,2505000,101,3146,1912,108,2813.58
366,2950 W 15TH AVENUE,2/27/2020,2380000,22,2421,1990,30,4026
367,3125 CHARLES STREET,11/12/2019,1250000,8,1670,1950,69,3630
368,2843 E 5TH AVENUE,7/22/2019,1099000,24,1500,1950,69,4092
369,7425 LABURNUM STREET,4/26/2019,2250000,115,2100,1953,66,6000
370,4081 WELWYN STREET,10/20/2019,1440000,38,2400,1989,30,4224
371,5969 LANCASTER STREET,12/8/2019,1418000,77,2341,1981,39,4026
372,342 W 20TH AVENUE,2/19/2020,2450000,6,2387,1938,82,3795
373,3005 E 3RD AVENUE,2/10/2020,1970000,10,3808,1989,31,6640.2
374,3668 W 3RD AVENUE,4/22/2019,2980000,85,3435,1911,108,3960
375,1025 E 50TH AVENUE,2/13/2020,1728888,14,2288,2003,17,4290
376,790 W 59TH AVENUE,11/27/2019,1950000,3,2634,1993,26,4290
377,5094 ROSS STREET,3/2/2020,1190000,8,880,1946,74,3234
378,2654 E 3RD AVENUE,6/19/2019,1433800,64,1899,1948,71,5696
379,3260 GRAVELEY STREET,5/19/2020,1048000,1,1500,1941,79,3846
380,442 E 50TH AVENUE,8/27/2019,1570000,1,3389,1976,43,5536.96
381,5163 SOMERVILLE STREET,10/8/2019,1370000,29,2363,1971,48,3300
382,7480 MAIN STREET,7/29/2019,1524900,17,2070,2000,19,3465
383,2090 E 5TH AVENUE,5/20/2020,1632000,5,1560,1946,74,4026
384,1931 GARDEN DRIVE,1/27/2020,1512000,7,1814,1964,56,3000
385,7491 LABURNUM STREET,8/1/2019,2400000,20,2568,1953,66,6389
386,3757 W 29TH AVENUE,6/28/2019,2480000,116,3511,1950,69,6450
387,460 E KING EDWARD AVENUE,6/10/2019,1325000,47,1792,1996,23,3200
388,3941 W 24TH AVENUE,3/10/2020,2330000,21,2226,1921,99,4026
389,3218 E 62ND AVENUE,6/19/2019,1550000,33,3479,1973,46,7000
390,2796 E 16TH AVENUE,2/12/2020,1381000,82,1565,1939,81,5478.48
391,3674 ETON STREET,8/13/2019,2199000,10,3262,2014,5,4025
392,6850 LAUREL STREET,6/11/2019,2880000,68,3475,1957,62,8265
393,5407 DUMFRIES STREET,2/25/2020,1680000,47,2790,1956,64,4880
394,3375 EUCLID AVE AVENUE,5/7/2020,1180000,12,2275,1986,34,3630
395,2939 TURNER STREET,2/24/2020,1320000,7,2497,1929,91,4356
396,8056 HAIG STREET,6/2/2018,1480000,540,1633,1948,71,3861
397,2488 HARRISON DRIVE,12/16/2019,2050000,23,3285,1988,32,5400
398,2116 W 46TH AVENUE,2/3/2020,2118000,11,2383,1989,31,3910.5
399,1875 E 39TH AVENUE,9/18/2019,1195000,2,1677,1949,70,3370
400,3336 W 37TH AVENUE,2/4/2019,2368000,150,2807,1922,97,5475
401,2311 CYPRESS STREET,5/15/2020,2560000,6,2338,2007,13,2000
402,473 E 55TH AVENUE,11/1/2019,1475000,23,2346,1930,89,4026
403,5514 CULLODEN STREET,3/23/2020,2040000,8,3571,2014,6,4026
404,3586 BELLA-VISTA STREET,10/23/2019,1718000,6,3271,1910,110,4080
405,3598 DUNDAS STREET,5/6/2019,1500000,38,2325,1937,82,4026
406,6181 SHERBROOKE STREET,8/19/2019,1552888,6,2709,1970,49,5700
407,653 W 18TH AVENUE,1/17/2020,2200000,7,2400,1987,33,4026
408,3562 E GEORGIA STREET,8/19/2019,1148000,63,1613,1909,110,3597
409,6589 KILLARNEY STREET,6/6/2019,1588000,9,3066,1986,33,6325.5
410,2495 E 34TH AVENUE,10/8/2019,1558800,47,1991,2011,8,3640
411,2880 E 22ND AVENUE,3/5/2020,1268000,5,2423,1961,59,3960
412,773 E 59TH AVENUE,6/4/2019,1385000,144,2400,1993,26,3974
413,2243 RENFREW STREET,12/2/2019,1364000,125,2650,1940,80,4026
414,186 W 22ND AVENUE,2/20/2020,2830000,4,2812,1978,42,4900.5
415,1559 E 41 AVENUE,5/28/2019,965000,54,1600,1949,70,3300
416,2283 E 38TH AVENUE,9/5/2019,1731000,3,3715,1985,34,6230
417,2754 E 27TH AVENUE,8/12/2019,1650000,8,2693,2012,7,3696
418,4334 ST. CATHERINES STREET,10/15/2019,1650000,8,2653,1988,31,4379.2
419,3154 E 4TH AVENUE,7/30/2019,1372000,13,2493,1980,39,4154
420,3075 W 5TH AVENUE,5/22/2019,2420000,100,3227,1926,93,3630
421,6612 KILLARNEY STREET,9/9/2019,1850000,1,2479,1957,62,7052
422,2208 E 42ND AVENUE,7/4/2019,1320000,103,1746,1993,26,3024.84
423,3611 OXFORD STREET,10/11/2019,1590000,4,2802,1980,39,4519.2
424,2965 E 6TH AVENUE,11/12/2019,1668000,15,2475,2001,18,4026
425,2142 E 49TH AVENUE,11/12/2019,1480000,6,2636,1976,43,4521
426,1279 E 53 AVENUE,5/24/2019,1150000,22,1907,1962,57,3696
427,5874 INVERNESS STREET,7/8/2019,1080000,36,2206,1914,105,4035.9
428,7899 HEATHER STREET,10/15/2019,1748000,56,2409,1962,57,4773.6
429,172 E 60TH AVENUE,10/17/2019,2330000,46,4244,2014,5,4715
430,3198 E 1ST AVENUE,7/18/2018,1250000,492,2184,1956,63,4397.67
431,1926 E 36TH AVENUE,8/30/2019,1640000,4,2607,1914,105,3488
432,7972 SOPHIA STREET,4/9/2019,1500000,78,3108,1960,59,4026
433,1525 E 55TH AVENUE,7/9/2019,1365000,28,1334,1954,65,4707
434,3592 PETERSHAM AVENUE,9/9/2019,1700000,49,2714,1997,22,4476
435,3189 CROWN STREET,6/28/2019,2910000,175,2680,2013,7,4000
436,142 E 43RD AVENUE,2/11/2020,1250000,7,3044,1960,60,3551.8
437,5995 BEATRICE STREET,7/3/2019,1338000,4,2387,1977,42,3960
438,220 E 54TH AVENUE,3/7/2020,1320000,6,1438,1941,79,3894.4
439,2948 W 21ST AVENUE,1/20/2020,2761000,7,2704,1992,28,4514
440,2795 W 31ST AVENUE,5/13/2019,2730000,22,2800,1940,79,7297.36
441,2564 W 12TH AVENUE,8/29/2019,2250000,6,3342,1912,107,6250
442,3228 CHARLES STREET,2/18/2020,1560000,6,2456,1993,27,4191
443,2804 W 34TH AVENUE,5/13/2019,2198000,28,2296,1943,76,4927
444,2059 CHARLES STREET,10/23/2019,1465000,6,1397,2019,0,2332.11
445,118 TEMPLETON DRIVE,9/23/2019,1385000,66,2366,1913,106,3019.5
446,3265 E 21ST AVENUE,3/2/2020,1300000,7,2248,1966,54,3630
447,1610 E 59TH AVENUE,5/28/2019,2133000,111,3432,2019,0,3889.05
448,3494 DIEPPE DRIVE,5/1/2019,1545000,90,2360,2003,16,4620
449,3092 E 5TH AVENUE,10/7/2019,1280000,4,2368,1961,58,4026
450,1920 CHARLES STREET,8/19/2019,1050000,50,2610,1912,107,2978
451,2976 E 42ND AVENUE,5/25/2020,1557000,2,1590,1947,73,4878.8
452,2794 PANDORA STREET,4/6/2020,1224000,5,2210,1911,109,4026
453,442 E 15TH AVENUE,1/20/2020,1467500,8,1595,1912,108,2762
454,1437 E 63RD AVENUE,1/7/2020,1500000,2,2420,1959,61,5540
455,4391 ST. CATHERINES STREET,4/27/2020,1460000,2,974,1946,74,3729
456,5883 DUMFRIES STREET,7/29/2019,2195000,2,3850,2017,2,4067.25
457,7250 GLADSTONE STREET,5/22/2019,2238095,76,4012,2018,1,4955.72
458,1462 E 20TH AVENUE,2/21/2020,1460000,4,2591,1963,57,3960
459,7142 INVERNESS STREET,5/10/2019,2180952,101,3857,2018,1,4567
460,2690 WILLIAM STREET,11/13/2019,1130000,25,825,1944,75,3564
461,605 E 48TH AVENUE,1/14/2019,1320000,182,3316,1910,109,3762
462,5829 FLEMING STREET,5/11/2020,2175000,11,3415,2016,4,4108
463,4084 W 14TH AVENUE,6/3/2019,2320000,31,2404,1926,93,4026
464,6570 NANAIMO STREET,6/20/2019,1300000,25,2411,1964,55,4356
465,6207 ELGIN STREET,8/20/2019,1450000,96,2802,1971,48,5456
466,770 E 24TH AVENUE,3/9/2020,1558000,8,2232,1913,107,2218.75
467,2033 E 35TH AVENUE,11/7/2019,1343000,2,2112,1928,91,4870.68
468,4312 DUMFRIES STREET,11/12/2019,1625000,6,2371,1968,51,5154.68
469,2848 W 23RD AVENUE,7/16/2019,2350000,89,2832,1947,72,5368
470,7857 NANAIMO STREET,5/29/2019,1445000,96,1490,1954,65,5880
471,2880 LAKEWOOD DRIVE,5/10/2019,1150000,55,1950,1928,91,4636
472,6255 BROOKS STREET,6/28/2019,2300000,90,3668,2011,8,5244.75
473,5828 ORMIDALE STREET,9/23/2019,1669500,12,2738,1997,22,4574.12
474,4825 ROSS STREET,3/10/2020,1631000,2,1980,2002,18,3597.75
475,2028 E 27TH AVENUE,2/20/2019,950000,115,2009,1912,107,4204.2
476,3678 E 25TH AVENUE,2/21/2019,1200000,142,2098,1954,65,5127.98
477,3465 E 50TH AVENUE,3/5/2020,1549000,7,2834,1971,49,5884.53
478,152 W 48TH AVENUE,3/6/2020,2880000,8,2957,2016,4,4027
479,2610 DUNDAS STREET,5/8/2019,1050000,112,1473,1926,93,4026
480,2731 NANAIMO STREET,8/12/2019,1900000,73,2713,1998,21,4552.35
481,1095 E 39TH AVENUE,7/30/2019,1410000,3,2096,1995,24,3998.32
482,2688 E 21ST AVENUE,8/19/2019,1800000,94,2497,2013,6,3633
483,2707 E GEORGIA STREET,11/29/2019,1405000,12,2686,1974,45,4026
484,3504 W 24 AVENUE,10/9/2019,2100000,12,1962,1978,41,3904
485,4975 ELGIN STREET,9/24/2019,1500000,5,2100,2002,17,3300
486,5195 HOY STREET,12/3/2019,999000,76,2000,1912,108,3863
487,644 HAWKS AVENUE,11/12/2019,2040000,13,2506,1905,114,6100
488,444 E 38TH AVENUE,2/7/2020,1420000,0,1315,1913,107,3894.58
489,1626 E 56TH AVENUE,3/10/2020,1480000,7,2246,1954,66,5190
490,2137 W 22ND AVENUE,8/19/2019,2760000,2,3367,1920,99,6100
491,187 E 39TH AVENUE,9/13/2019,1228800,4,1054,1947,72,3437.2
492,895 E 58TH AVENUE,10/4/2019,1590000,35,2715,1993,26,3828
493,993 BROUGHTON STREET,4/3/2019,2600000,192,4026,1905,114,2882
494,850 W 32ND AVENUE,11/29/2019,2602000,42,2772,1956,64,7650
495,6182 BEATRICE STREET,2/24/2020,1610000,7,2343,1985,35,3877.5
496,5918 SHERBROOKE STREET,7/4/2019,1262000,3,2167,1965,54,4042
497,6869 DOMAN STREET,11/4/2019,1450000,2,2570,1953,66,4840
498,1034 E 37TH AVENUE,2/11/2020,1538000,9,2320,1983,37,4026
499,1215 E 62ND AVENUE,1/16/2020,1353777,0,2642,1966,54,3781.95
500,1303 E 51ST AVENUE,3/16/2020,1514000,7,2376,1983,37,4010
501,643 E CORDOVA STREET,1/29/2020,1233000,21,2272,1901,119,3172
502,111 E 24TH AVENUE,2/17/2020,1383000,7,1512,1910,110,2450.32
503,6574 VINE STREET,11/20/2019,2050000,20,2141,1978,41,3453.08
504,1648 W 63RD AVENUE,10/8/2019,1500000,2,1950,1930,89,3828
505,408 E KING EDWARD AVENUE,5/19/2020,1350000,6,2182,1984,36,3623
506,5038 ANN STREET,6/16/2019,1120000,4,2168,1969,50,3493.05
507,3549 HAIDA DRIVE,12/6/2019,2243286,1,3788,2018,1,4510
508,3167 E GEORGIA STREET,2/21/2020,1200000,6,2070,1912,108,3630
509,2858 E 4TH AVENUE,5/7/2020,1250000,7,1868,1927,93,4092
510,31 W 63RD AVENUE,3/3/2020,1812000,6,2244,1967,53,3869.25
511,3551 FLEMING STREET,5/19/2020,2262500,2,1850,2017,3,2722.5
512,496 E 47TH AVENUE,9/8/2019,1581000,10,2378,1959,60,5014.26
513,4277 KEVIN PLACE,7/30/2019,2770000,10,3359,1971,48,8133
514,237 E 20TH AVENUE,9/16/2019,2825000,7,3960,1905,114,6049.95
515,3532 PRINCE EDWARD STREET,11/27/2019,1600000,5,1694,1910,109,1952
516,3350 W 38TH AVENUE,4/19/2019,2800000,105,3502,1922,97,5475
517,780 W 60TH AVENUE,5/1/2019,3000000,218,3296,2009,10,5494
518,8507 FREMLIN STREET,1/1/2020,1500000,37,2165,1915,105,4048.11
519,4015 GLEN DRIVE,12/9/2019,2150000,48,2960,1927,93,6235
520,6358 WINDSOR STREET,2/18/2020,1266000,7,1787,1931,89,4026
521,2242 GRANT STREET,5/27/2019,1660000,8,2308,1964,55,3669.6
522,1629 E 13TH AVENUE,5/6/2019,1627500,105,2417,1912,107,4026
523,3483 W 18TH AVENUE,3/10/2020,2650000,7,2308,1989,31,3840
524,3525 E GEORGIA STREET,2/10/2020,1051525,91,2541,1912,108,3564
525,156 E 19TH AVENUE,5/13/2019,2521000,35,2849,2006,13,4432
526,2522 TURNER STREET,8/30/2019,2239047,189,2858,2019,1,3531
527,3408 W 37TH AVENUE,3/12/2020,2520000,2,2751,1987,33,5475
528,6869 NANAIMO STREET,6/4/2019,2040000,47,2874,2015,4,3978
529,4495 W 7TH AVENUE,7/15/2019,2560000,62,2250,1991,28,3719
530,3924 W 24TH AVENUE,8/30/2019,2223000,1,985,1940,79,5128
531,508 E 61ST AVENUE,2/18/2020,2100000,62,2863,2020,0,3465.82
532,4918 WALDEN STREET,9/20/2019,1430000,5,1720,1929,90,4026
533,1343 W 64TH AVENUE,5/21/2019,1780000,16,2228,1989,30,3668
534,1222 E 12TH AVENUE,9/3/2019,1690000,88,3210,1911,108,6350
535,5874 BATTISON STREET,5/15/2019,2300000,50,3878,2018,1,4636
536,2778 E 41ST AVENUE,7/18/2019,815000,11,1074,1916,103,3349
537,3530 W 13TH AVENUE,3/2/2020,2478000,36,2475,1995,25,4026
538,2848 PANDORA STREET,9/3/2019,1250000,3,2793,1912,107,4026
539,3954 W 30TH AVENUE,2/18/2020,2960000,2,2473,1955,65,6508.5
540,3691 E GEORGIA STREET,11/6/2019,1930000,164,3522,2017,3,4070
541,3612 ETON STREET,7/2/2019,1295000,7,2163,1975,44,4023
542,4508 PRINCE ALBERT STREET,9/16/2019,2135000,2,2095,2019,0,2842
543,980 W 20TH AVENUE,6/4/2019,2400000,2,2849,1924,95,4026
544,365 E 24TH AVENUE,8/15/2019,1425000,8,2040,1925,94,4045.84
545,2597 E KENT NORTH AVENUE,3/25/2020,1520000,15,2511,1990,30,4240
546,7610 CARTIER STREET,4/23/2019,2830000,261,3426,2018,2,4970
547,5292 ST. CATHERINES STREET,9/25/2019,2223810,69,2301,2019,0,3300
548,2536 E 29TH AVENUE,8/23/2019,1375000,59,2516,1958,62,5019.4
549,6726 RUPERT STREET,5/27/2019,2160000,287,4387,2001,19,7313
550,6489 ONTARIO STREET,2/1/2019,1820000,212,2174,1996,23,3524.4
551,3484 DIEPPE DRIVE,4/4/2019,1190000,118,2250,1948,71,4620
552,3126 W 32ND AVENUE,1/3/2020,2920000,35,2873,1938,82,6500
553,2245 WILLIAM STREET,9/9/2019,1215000,30,1964,1929,90,4026
554,578 E 10TH AVENUE,2/18/2020,2175000,26,3264,1980,40,6000
555,1153 E 11TH AVENUE,5/15/2020,1602000,4,1620,1956,64,4026
556,2632 NAPIER STREET,5/25/2020,1510000,6,2505,1968,52,3630
557,614 E 14TH AVENUE,3/19/2020,1349000,4,2218,1910,110,2583
558,1727 E 29TH AVENUE,8/30/2019,1350000,4,2536,1986,33,3976.5
559,5014 WINDSOR STREET,5/5/2020,2475000,13,3361,2018,2,4851
560,2242 E 52ND AVENUE,5/27/2020,1438000,5,1690,1953,67,4322.01
561,2102 E 54TH AVENUE,5/13/2019,1295000,51,2004,1989,30,3034
562,3536 W 13TH AVENUE,2/14/2020,2408000,10,2429,1927,93,4026
563,2559 KITCHENER STREET,5/27/2019,2575000,12,3385,2017,2,5080
564,4866 MANOR STREET,3/16/2020,997000,47,1747,1911,109,3267
565,3007 W 36TH AVENUE,2/19/2020,2900000,5,2745,1932,88,6095.7
566,6295 DOMAN STREET,11/8/2019,1551000,113,2400,1955,65,6338
567,4263 QUEBEC STREET,6/13/2019,2476190,41,2564,2019,0,3812.5
568,4518 JAMES STREET,4/17/2020,2520000,2,2290,1988,32,3422.13
569,2176 E 8TH AVENUE,5/4/2020,1600000,23,2964,1984,36,4191
570,703 HEATLEY AVENUE,5/11/2020,750000,10,1153,1901,119,1525
571,772 E 59TH AVENUE,4/15/2019,1565000,157,2204,2008,11,4026
572,8268 ELLIOTT STREET,3/18/2020,1935000,1,3060,1967,53,10348
573,3505 WORTHINGTON DRIVE,11/18/2019,1413000,62,1668,1948,72,4510
574,525 E 55TH AVENUE,6/19/2019,1150000,6,1539,1946,73,4035
575,3176 CHARLES STREET,5/1/2019,1635000,41,3036,1987,32,5080
576,3332 DEERING ISLAND PLACE,6/1/2019,2800000,138,3422,1992,27,8783
577,2855 NANAIMO STREET,1/25/2020,1075000,6,1800,1956,64,3847.8
578,2281 E 34TH AVENUE,2/25/2020,1360000,7,2200,1912,108,3795
579,7650 FRENCH STREET,4/3/2019,2230000,119,3669,1990,29,5850
580,4703 COLLINGWOOD STREET,9/3/2019,2353000,85,2475,1938,81,4191
581,2642 OXFORD STREET,8/19/2019,1333780,6,1882,1923,96,4026
582,3027 E 20TH AVENUE,9/17/2019,1330000,6,2444,1968,51,3638.02
583,2558 TURNER STREET,7/16/2018,1270000,435,2220,1922,97,3547.5
584,624 E 11TH AVENUE,10/15/2019,1663000,9,2932,1914,105,4026
585,747 E 60TH AVENUE,7/7/2019,1040000,42,2246,1938,81,4026
586,615 E 63RD AVENUE,7/12/2019,1448000,41,2770,1976,43,6226
587,1610 SEMLIN DRIVE,10/23/2019,1490000,3,1967,1910,109,2013
588,3580 POINT GREY ROAD,11/12/2019,2500000,3,2060,1937,83,2864.4
589,3066 E 26TH AVENUE,8/6/2019,1976190,90,3199,2019,0,3563.35
590,2590 PARKER STREET,9/16/2019,1248500,29,1821,1944,75,3564
591,4226 RUPERT STREET,12/2/2019,1475000,7,2780,1977,43,4480
592,1655 E 11TH AVENUE,7/9/2019,1290000,3,2067,1941,78,4026
593,2734 W 5TH AVENUE,1/9/2020,1750000,28,2650,1911,109,3740
594,3176 TRIMBLE STREET,6/11/2019,1600000,65,1592,1949,70,4026
595,3989 W 29TH AVENUE,11/20/2019,2850000,3,2438,1942,77,6162
596,73 E 57TH AVENUE,5/25/2020,1350000,2,1588,1949,71,3409.89
597,3515 W 22ND AVENUE,1/29/2020,2910000,31,2907,2000,20,4026
598,2579 ETON STREET,3/19/2020,1300000,40,2322,1928,92,4026
599,3406 W 29TH AVENUE,10/21/2019,2075000,21,1850,1924,95,4298.25
600,2106 E 5TH AVENUE,8/6/2019,1475000,9,1585,1945,74,4026
601,2517 E 5TH AVENUE,10/8/2019,1335000,9,2301,1956,63,4022
602,3663 W 12TH AVENUE,6/20/2019,1880000,55,2547,1928,91,4028.64
603,3842 W 26TH AVENUE,6/27/2019,2600000,93,2648,1925,94,6440
604,5212 HOY STREET,6/22/2019,1030000,146,1800,1957,62,3785
605,7799 BIRCH STREET,6/10/2019,2988000,80,3399,2016,3,4043
606,1959 W 43RD AVENUE,10/23/2019,2800000,155,2850,1926,94,5904
607,2092 NANAIMO STREET,9/24/2019,999000,6,1400,1940,79,3168
608,3217 W 33RD AVENUE,5/28/2019,2568000,18,3001,2011,8,4290
609,2714 W 32ND AVENUE,6/20/2019,2480000,47,2362,1932,87,4298.25
610,6779 LANCASTER STREET,2/18/2020,1588000,15,2630,1969,51,4720
611,360 E 46TH AVENUE,10/23/2019,1675000,16,2474,1979,40,4026
612,618 E 52ND AVENUE,10/2/2019,2200000,53,3300,2018,1,3965
613,2731 E 8TH AVENUE,7/17/2019,1425000,2,2302,1981,38,4026
614,379 E 32ND AVENUE,6/5/2019,1680000,7,1816,1948,71,3795
615,3901 TUPPER STREET,8/6/2019,2230000,31,2842,1970,49,3664.65
616,3586 TRINITY STREET,12/5/2019,1310000,66,1210,1936,84,6100
617,4895 MOSS STREET,12/18/2019,925000,74,1930,1905,115,3022.8
618,4795 JOYCE STREET,2/7/2020,1375000,1,2700,1964,56,3696
619,2552 E 54TH AVENUE,8/12/2019,1560000,88,2246,2011,8,3119
620,2656 E 7TH AVENUE,2/10/2020,1494000,8,2266,1958,62,4026
621,506 PENTICTON STREET,10/16/2019,1666000,7,3563,1992,27,5445
622,4680 WALDEN STREET,8/28/2019,1500000,4,1565,1910,109,3696
623,3261 KITCHENER STREET,6/16/2019,1370000,67,2475,1974,45,4191
624,103 W 21ST AVENUE,7/22/2019,2700000,4,3030,1939,80,5313
625,722 E 15TH AVENUE,9/3/2019,1880000,12,2950,1910,109,3230
626,2735 W 32ND AVENUE,7/15/2019,2520888,19,2576,1996,23,4290
627,6944 KNIGHT STREET,3/9/2020,925000,2,900,1957,63,3779.16
628,235 E 62ND AVENUE,8/15/2019,1050000,14,1920,1968,51,3267
629,3235 QUEENS AVENUE,1/9/2020,1610000,37,2950,1984,36,4570
630,3269 E 25TH AVENUE,10/28/2019,1220000,7,2004,1933,86,3960
631,2262 E 48TH AVENUE,12/6/2019,1550000,69,2415,1995,25,4032.6
632,2623 TURNER STREET,10/7/2019,1380000,2,2993,1943,76,5445
633,2802 GRANT STREET,4/1/2020,1845000,7,3144,2004,16,4191
634,3964 W 21ST AVENUE,4/16/2019,2100000,73,1475,1931,88,4026
635,3421 E 4TH AVENUE,1/6/2020,2290000,7,4475,2016,4,5079.9
636,5349 JOYCE STREET,3/21/2019,1300000,146,1648,1953,66,3069
637,3100 BLANCA STREET,4/29/2019,2400000,196,3000,1970,49,6718.25
638,208 W 23RD AVENUE,3/11/2020,2508000,12,2448,1938,82,5346
639,2506 TRIUMPH STREET,11/18/2019,1555000,7,2021,1929,90,4026
640,2120 E PENDER STREET,4/20/2020,1928000,8,2502,1906,114,3267
641,4293 PERRY STREET,2/3/2020,1289000,21,1572,1927,93,4014.67
642,2693 VENABLES STREET,10/24/2019,1130000,4,1275,1930,89,3630
643,2736 W 41ST AVENUE,9/25/2019,1803800,6,1961,1922,97,4353.03
644,2795 NANAIMO STREET,4/14/2020,1410000,4,2441,1931,89,4618.35
645,4167 W 11TH AVENUE,10/22/2019,2300000,107,974,1988,32,4026
646,6468 LABURNUM STREET,6/19/2019,2160000,77,2495,1987,32,4141.5
647,4273 ELGIN STREET,2/11/2020,1400000,4,1585,1948,72,3481.5
648,2987 W 33RD AVENUE,7/2/2019,1870000,42,1814,1940,79,4298
649,2086 PARKER STREET,6/15/2019,2100000,9,2513,1926,93,4636
650,3460 W 12TH AVENUE,3/2/2020,2117000,7,1608,1928,92,4026
651,6158 BRUCE STREET,10/6/2019,1225000,8,1855,2000,19,2992.22
652,4212 WINDSOR STREET,1/18/2019,1165000,129,2120,1989,30,3481.5
653,2555 OXFORD STREET,6/7/2019,2215000,22,2754,2013,6,4554
654,765 E 39TH AVENUE,2/4/2019,1160000,187,1297,1950,69,4026
655,2775 E 48TH AVENUE,12/30/2019,1480000,7,2200,1962,58,4290
656,233 W 15TH AVENUE,5/15/2019,2325000,33,5600,1910,109,6250
657,6751 KNIGHT STREET,10/17/2019,910000,21,1611,1948,71,3799.62
658,7687 OAK STREET,5/28/2019,1840000,31,2508,1976,43,4252.71
659,142 E 58TH AVENUE,1/21/2020,2200000,7,3522,2017,3,3973
660,942 E 21ST AVENUE,9/25/2019,1510000,32,1886,1926,93,4026
661,3480 E 4TH AVENUE,8/26/2019,1454800,172,3016,1993,27,4082
662,807 E 59TH AVENUE,11/3/2019,1497000,110,2492,1965,55,4923.6
663,568 W 18TH AVENUE,9/17/2019,2393000,6,2345,1933,86,4026
664,3233 E 2ND AVENUE,7/12/2019,1838000,59,3178,2008,11,5000
665,6388 MANITOBA STREET,2/10/2020,2720000,23,3828,1986,34,6315.33
666,2073 E 27TH AVENUE,7/9/2019,2047619,80,3458,2019,0,3910.5
667,257 E 38TH AVENUE,8/12/2019,2371429,73,3377,2019,0,4000
668,2835 STEPHENS STREET,2/12/2020,1965000,11,2432,1912,108,2871
669,731 E 22ND AVENUE,12/11/2019,2210000,2,2524,2016,3,3362
670,3115 E BROADWAY,3/26/2019,1500000,70,2479,1966,53,4950
671,2349 E GEORGIA STREET,11/4/2019,1507000,8,2303,1998,21,3473.25
672,3686 E 25TH AVENUE,3/13/2020,1288888,10,1980,1954,66,5175
673,2881 W 21ST AVENUE,10/21/2019,2820000,12,2563,2006,13,4270
674,6515 RUPERT STREET,3/8/2020,1700000,6,2080,1957,63,7020
675,375 E 17TH AVENUE,10/31/2019,2099000,8,3160,1977,42,6018
676,5260 ABERDEEN STREET,8/22/2019,1520000,29,2098,1945,74,6000
677,554 E 62ND AVENUE,11/25/2019,1525000,7,2782,1975,44,4620
678,2087 E 5TH AVENUE,11/2/2019,1490000,12,1411,1926,93,4026
679,5576 INVERNESS STREET,3/18/2019,1650000,98,2417,1994,25,4017
680,2761 W 23RD AVENUE,7/22/2019,2500000,85,2416,1996,23,4026
681,1885 E 40TH AVENUE,5/14/2020,1428000,5,2510,1967,53,4260
682,5272 WINDSOR STREET,8/1/2019,1488000,26,2094,2001,18,3300
683,1750-1752 E 5TH AVENUE,11/4/2019,2240000,4,2986,1910,109,2398
684,2725 MCGILL STREET,8/12/2019,1055000,30,1890,1948,71,4026
685,3090 KINGS AVENUE,7/25/2019,700000,138,2838,1910,110,4425
686,2854 W 24TH AVENUE,10/28/2019,1900000,1,915,1940,79,4031
687,3995 NOOTKA STREET,10/24/2019,1525000,25,2366,1948,71,6300
688,2759 E 57TH AVENUE,5/21/2020,1493000,0,2136,1964,56,4986
689,6575 BROOKS STREET,8/6/2019,2700000,15,3844,2013,6,5412
690,3436 W 19TH AVENUE,3/16/2020,2300000,8,2683,1973,47,4026
691,3620 CAROLINA STREET,7/9/2019,1478000,5,1528,1970,49,2244.8
692,3190 E 7TH AVENUE,7/12/2019,1590000,46,2417,2006,13,4026
693,6108 KNIGHT STREET,3/28/2019,1250000,161,2664,1967,52,6332.7
694,3661 W 7TH AVENUE,9/8/2019,1940000,14,2284,1929,90,3628.35
695,1815 E 37TH AVENUE,9/6/2019,1168000,9,1571,1955,64,3679.5
696,2843 ALMA STREET,7/19/2019,2000000,118,2430,1924,95,3639
697,7320 INVERNESS STREET,1/17/2020,1250000,6,1858,1952,68,3830.4
698,1602 E 36TH AVENUE,8/7/2019,2000000,12,2400,1945,74,7284.22
699,763 UNION STREET,8/19/2019,1625000,7,1822,1905,114,3050
700,2537 E 8TH AVENUE,6/19/2019,2080000,28,3356,2017,2,4026
701,2904 WINDSOR STREET,9/4/2019,1070000,8,2534,1910,109,2178
702,7171 ROSS STREET,9/30/2019,1328888,19,2339,1979,40,4051.08
703,732 E 51ST AVENUE,9/20/2019,2045000,39,3519,2015,4,4026
704,2921 E 54TH AVENUE,5/30/2019,975000,36,690,1954,65,4467
705,7625 BORDEN STREET,5/28/2019,1650000,7,2889,1956,63,5273
706,4233 W 15TH AVENUE,4/1/2019,2090000,78,2024,1978,41,3785.39
707,3649 W 5TH AVENUE,12/4/2019,2480000,0,3113,1912,108,3631.43
708,4038 W 15TH AVENUE,3/2/2020,2280000,7,2166,1930,90,4010
709,3541 ADANAC STREET,3/18/2020,1455800,7,2081,2005,15,3574
710,5036 GLADSTONE STREET,9/30/2019,1494800,6,2318,1990,29,3960
711,4626 WINDSOR STREET,3/17/2020,1333000,6,2035,1950,70,3531
712,5921 ONTARIO STREET,1/20/2020,2138000,0,2367,1992,28,3960
713,241 E 45TH AVENUE,5/24/2019,1795000,17,2892,1941,78,7262
714,347 E 41ST AVENUE,9/30/2019,1140000,31,1996,1929,90,3657.39
715,7928 HUDSON STREET,4/27/2019,2000000,182,2399,1993,26,3983.1
716,2835 ROSEMONT DRIVE,4/5/2019,1650000,134,2581,1964,55,5107.16
717,8244 FRENCH STREET,7/12/2019,1620000,0,2394,1969,50,4026
718,4649 ROSS STREET,4/15/2020,1950000,6,3151,1978,42,6039
719,2737 E 8TH AVENUE,4/15/2019,2047619,119,3620,2019,0,4026
720,5318 PRINCE EDWARD STREET,9/3/2019,2699000,3,3223,2018,1,3696
721,4048 W 10TH AVENUE,6/1/2019,2650000,101,2452,2018,1,4026
722,2545 E 43RD AVENUE,5/12/2019,1392000,84,2382,1979,40,4146.12
723,1319 E 62ND AVENUE,2/17/2020,1228000,3,719,1953,67,3795
724,2335 GRAVELEY STREET,9/16/2019,1275000,13,1699,1923,96,2880
725,7410 MAIN STREET,8/15/2019,1060000,4,1814,1950,69,3465
726,4031 VICTORIA DRIVE,1/15/2020,1455000,4,1827,1901,119,3579
727,3483 TURNER STREET,4/2/2020,1238000,48,2250,1935,85,5115
728,3620 W 2ND AVENUE,1/27/2020,2400000,14,1800,1927,93,3960
729,4544 PRINCE ALBERT STREET,10/27/2019,2695000,1,2749,2019,0,3840
730,2831 W 12TH AVENUE,11/4/2019,1968000,20,1393,1967,52,4026
731,3202 E 62ND AVENUE,7/3/2019,1650000,0,3262,1973,46,7000
732,3623 W 38TH AVENUE,2/25/2020,2225000,6,3041,1988,32,4237.86
733,2777 ROSEMONT DRIVE,7/8/2019,1325000,61,2459,1964,55,4869
734,2451 MCGILL STREET,2/21/2020,1235000,9,2157,1959,61,4026
735,6535 BROOKS STREET,1/2/2020,1890000,19,3095,1992,28,5174
736,7750 HUDSON STREET,2/18/2020,1992000,5,2100,1990,30,3752
737,2309 RUPERT STREET,8/16/2019,1170000,15,1857,1956,63,4026
738,1391 E 61ST AVENUE,7/22/2019,1397500,96,2042,2010,9,3192
739,836 W 22ND AVENUE,6/24/2019,2415000,80,1402,1926,93,5124
740,68 E 39TH AVENUE,9/12/2019,2989000,40,2935,2018,1,4224
741,946 W 14TH AVENUE,6/18/2019,2950000,62,3339,1912,107,6250
742,1941 E 35TH AVENUE,2/14/2020,1352000,21,2155,1989,31,3844
743,3463 E 4TH AVENUE,5/1/2019,1500000,65,3025,1993,26,5069.24
744,255 N KOOTENAY STREET,12/27/2019,1850000,37,2657,2015,5,3696
745,3515 GLADSTONE STREET,9/25/2019,1674000,4,2438,1960,59,3956
746,2187 FRANKLIN STREET,1/21/2020,1260000,13,1950,1980,40,3267
747,3078 E 5TH AVENUE,9/16/2019,1480000,141,2417,1992,28,4026
748,1955 W 42ND AVENUE,5/13/2020,2788000,5,2747,1994,26,4590
749,480 E 21ST AVENUE,7/4/2019,1850000,12,1831,1951,68,5063
750,1180 E 19TH AVENUE,9/30/2019,1635000,8,2287,1926,93,3444
751,1730 VICTORIA DRIVE,2/24/2020,1940000,17,2609,1909,111,3267
752,1130 W 29TH AVENUE,6/3/2019,2420000,10,2840,1925,94,5387.25
753,3123 W 16TH AVENUE,7/8/2019,1800000,34,1695,1953,66,4026
754,885 E 26TH AVENUE,8/19/2019,1330000,0,1963,1914,105,3696
755,3425 ARCHIMEDES STREET,2/12/2020,1035000,8,2060,1947,73,3234
756,4758 KILLARNEY STREET,9/9/2019,1320000,6,1990,1977,42,3297
757,3968 W 13TH AVENUE,6/7/2019,2960000,0,2796,1926,93,6710
758,4320 MILLER STREET,9/30/2019,785000,6,1201,1989,30,1764
759,371 E 16TH AVENUE,1/10/2019,1500000,274,2157,1926,93,4052.97
760,2326 E GEORGIA STREET,10/21/2019,1100000,101,1920,1927,93,3531
761,3106 WINDSOR STREET,3/9/2020,1528000,9,2263,1954,66,3747.83
762,5535 TRAFALGAR STREET,2/18/2020,2180000,14,2782,1937,83,3878
763,2210 E PENDER STREET,7/10/2019,1509000,2,1922,2005,14,3267
764,6892 RADISSON STREET,9/3/2019,950000,41,1850,1980,39,3534
765,3296 W 15TH AVENUE,3/3/2020,2250000,18,2528,1947,73,4026
766,2827 E 27TH AVENUE,4/11/2019,1625000,112,2548,1955,64,6105.7
767,1146 E 59TH AVENUE,10/9/2019,1260500,50,2386,1959,60,3854.4
768,4333 ELGIN STREET,2/10/2020,1325000,23,1900,1910,110,3811.5
769,2506 GARDEN DRIVE,10/31/2019,1475000,176,1720,1946,74,4360
770,759 E 51ST AVENUE,10/22/2019,1625000,11,2348,2003,16,4365
771,3403 CAROLINA STREET,5/11/2020,1044000,16,2120,1911,109,2792.7
772,2991 TURNER STREET,5/27/2019,2105000,97,3748,2019,0,4356
773,2662 FRANKLIN STREET,1/28/2020,1471000,6,2620,1982,38,4026
774,3215 GRANT STREET,3/19/2020,1420000,45,2474,1985,35,4191
775,741 E 11TH AVENUE,5/28/2019,1651000,55,3777,1912,107,4026
776,5379 SHERBROOKE STREET,3/24/2020,1400000,7,2309,1946,74,4054
777,171 E 28TH AVENUE,2/20/2020,1650171,4,2717,1910,110,3394
778,5195 SPENCER STREET,6/14/2019,1120000,115,1635,1947,73,4125
779,8149 MONTCALM STREET,1/6/2020,3000000,34,3365,2012,8,4014.45
780,2327 E 28TH AVENUE,11/19/2019,1598000,41,1457,1945,75,6039
781,8032 SHAUGHNESSY STREET,11/1/2019,1590000,34,1823,1946,73,4088.18
782,1665 E 58TH AVENUE,6/14/2019,1854000,94,2422,2002,17,4939
783,3569 W 21ST AVENUE,10/8/2019,2345000,5,2511,1930,89,4026
784,910 E 56TH AVENUE,11/12/2019,1695000,51,2230,2003,17,4429.6
785,3455 WILLIAM STREET,12/17/2019,985000,8,680,1947,73,3547.5
786,3226 GRANT STREET,11/12/2019,2142857,53,3623,2019,1,4191
787,3544 QUEBEC STREET,9/9/2019,1630000,7,1860,1913,106,1772.8
788,3346 E 8TH AVENUE,8/26/2019,995000,2,1579,1948,71,4024.78
789,1334 E 35TH AVENUE,3/2/2020,1300000,7,1718,1947,73,3657
790,3752 W 50TH AVENUE,2/18/2020,2480000,8,2628,1957,63,9141
791,5612 OLYMPIC STREET,2/18/2020,2950000,69,3643,1930,90,5746
792,4975 CHESTER STREET,8/21/2019,1620000,48,1991,1950,69,6044.64
793,3439 FRANKLIN STREET,11/18/2019,1200000,65,1597,1928,92,4026
794,1163 W 64TH AVENUE,3/5/2020,1948000,10,2114,1994,26,3696
795,2889 MCGILL STREET,3/17/2020,960000,50,800,1948,72,4026
796,6936 CULLODEN STREET,4/17/2019,1563000,56,2251,2003,16,4092
797,455 E 17TH AVENUE,3/11/2020,2720000,5,3223,2006,14,5977
798,4435 PRINCE ALBERT STREET,4/20/2020,1319000,7,1533,1910,110,3399
799,3791 W 41ST AVENUE,7/25/2019,2130000,6,3842,1982,37,5643.61
800,2340 E 4TH AVENUE,3/3/2020,1555000,6,2336,1949,71,4026
801,225 E 58TH AVENUE,11/12/2019,1250000,8,1619,1960,59,3692.7
802,2221 W 16TH AVENUE,7/16/2019,2265000,13,2730,1973,46,6250
803,636 CASSIAR STREET,2/17/2020,1041000,3,2590,1914,106,4026
804,5628 KILLARNEY STREET,4/8/2019,1176000,136,1581,1953,66,4071.87
805,3184 E 23RD AVENUE,11/27/2019,1280000,7,2359,1945,74,3960
806,3338 W 31ST AVENUE,7/22/2019,2350000,136,2000,1937,82,5340.35
807,3151 EAST 7TH AVENUE,3/10/2020,1290000,6,2005,1958,62,4026
808,3388 W 33RD AVENUE,7/25/2019,2050000,20,2197,1928,91,7012.5
809,454 E 54TH AVENUE,7/12/2019,1542180,9,2460,1986,33,4026
810,4782 BRUCE STREET,6/3/2019,2180000,7,3537,2019,0,4059
811,1576 E 62ND AVENUE,2/3/2020,1391000,8,2054,1954,66,5074
812,3888 W 22ND AVENUE,9/6/2019,2910000,78,2485,1930,89,6041.48
813,350 E 60TH AVENUE,10/23/2019,1638000,31,2013,2011,8,3551.22
814,2336 W 20TH AVENUE,7/29/2019,2950000,32,4581,1985,34,6100
815,2271 E 44TH AVENUE,6/17/2019,1437500,36,2615,1971,48,3816
816,1790 W 62 AVENUE,6/2/2019,2750000,175,3931,1987,32,5373
817,3676 ST. CATHERINES STREET,5/25/2020,2356000,8,2400,1941,79,4200
818,3582 FRANKLIN STREET,2/22/2019,1750000,117,3453,2018,1,4026
819,3661 CAMBRIDGE STREET,9/30/2019,1280000,7,1933,1943,76,4024.68
820,1716 NASSAU DRIVE,10/7/2019,1237100,122,1917,1950,70,4274
821,3508 W 17TH AVENUE,6/28/2019,2880000,110,2317,2016,3,3300
822,3664 W 15TH AVENUE,4/8/2019,2345000,57,3249,1915,104,4026.99
823,2938 CHARLES STREET,6/12/2019,2175000,126,3717,2019,0,4191
824,5657 KERR STREET,6/27/2019,1359000,50,1942,1997,22,3450
825,6350 CHESTER STREET,5/16/2020,1330000,4,2100,1920,100,4026
826,319 E 38TH AVENUE,5/13/2020,1585000,6,2399,1968,52,3936
827,3582 E 26TH AVENUE,7/17/2019,1650000,41,2034,2010,9,3630
828,1525 E 31ST AVENUE,1/26/2020,1200000,21,2094,1980,40,3354.42
829,7218 CARTIER STREET,9/30/2019,2779000,15,4122,1994,25,6875
830,6520 VINE STREET,5/6/2019,1798000,47,1867,1945,74,3453
831,3228 E 45TH AVENUE,12/3/2019,2270000,37,3669,2008,12,6236.79
832,381 E 41ST AVENUE,9/30/2019,1000000,37,1814,1946,73,3650.79
833,2078 E 7TH AVENUE,9/9/2019,2688000,29,2750,1940,79,4026
834,8175 LAUREL STREET,1/10/2020,2700000,29,3615,1994,26,6031.08
835,4450 GRANVILLE STREET,1/16/2020,2949900,18,2491,1946,74,10846.28
836,20 E 60TH AVENUE,2/6/2020,1290000,13,1625,1925,95,3330
837,3405 W 23RD AVENUE,5/29/2019,2000000,131,1700,1925,94,3782
838,2412 E 28TH AVENUE,8/7/2019,1058000,47,2136,1955,64,3630
839,6664 VICTORIA DRIVE,10/15/2019,1285000,29,2479,1972,47,3904.23
840,6415 CHESTER STREET,9/30/2019,1350000,7,2106,1935,84,4026
841,2964 W 28TH AVENUE,12/2/2019,2230000,41,301,1936,84,4290
842,3500 WILLOW STREET,2/21/2020,2480000,3,2482,1911,109,2683.56
843,5866 JOYCE STREET,3/26/2020,1351000,4,2273,1980,40,3562
844,3669 MAXWELL STREET,10/15/2019,1155000,5,1128,2012,7,1300
845,511 GARDEN DRIVE,1/28/2020,2189000,32,2221,2020,0,2873
846,645 E 58TH AVENUE,12/11/2019,1530000,1,2961,1975,44,5508
847,8567 CORNISH STREET,7/22/2019,2301000,79,3092,1997,22,5162
848,1878 STAINSBURY AVENUE,3/18/2019,940000,113,2066,1912,107,2884
849,3825 W 19TH AVENUE,8/19/2019,2188000,4,2401,1925,94,4026
850,8549 OSLER STREET,1/6/2020,1557500,53,2030,1927,93,4026
851,4018 FLEMING STREET,9/24/2019,1333000,36,1790,1914,105,3272.05
852,2131 FRASERVIEW DRIVE,6/10/2019,1392000,52,2815,1979,40,4869.84
853,2123 E 1ST AVENUE,8/20/2019,1700000,191,2050,1922,98,4026
854,4289 ELGIN STREET,7/17/2019,1615000,4,2133,1980,39,3481.5
855,1635 E 57TH AVENUE,4/30/2020,1270000,3,1572,1953,67,4075.5
856,4034 W 14TH AVENUE,2/18/2020,2750000,4,2949,1928,92,5368
857,158 E 44TH AVENUE,7/16/2019,1452500,19,1993,1948,71,3894.4
858,1132 E 49TH AVENUE,12/19/2019,1055000,14,1664,1945,75,3432
859,2650 MCGILL STREET,9/20/2019,1090000,66,1566,1950,69,4014
860,323 E WOODSTOCK AVENUE,1/15/2020,1582000,22,2135,1994,26,4125
861,2433 GALT STREET,7/5/2019,1385000,122,2541,1993,26,4026
862,1438 E 17TH AVENUE,1/30/2020,1611000,11,2938,1971,49,5911
863,778 W 69TH AVENUE,1/28/2020,1629000,13,2240,1975,45,3993
864,1244 E KING EDWARD AVENUE,9/30/2019,1250000,7,1823,1913,106,4570.5
865,2552 E 2ND AVENUE,8/8/2019,2110000,5,3457,2019,0,4026
866,1717 E 49TH AVENUE,7/22/2019,1725000,30,3136,1992,27,5254.5
867,5845 CULLODEN STREET,5/27/2019,1300000,103,2388,1975,44,4035.9
868,1404 PARKER STREET,5/23/2019,1350000,43,2324,2005,14,2542
869,2762 MCGILL STREET,6/3/2019,1199000,5,1819,1947,72,4019.83
870,4812 DUMFRIES STREET,11/26/2019,2130000,21,3452,2012,7,4158
871,2262 E 44 TH AVENUE,7/22/2019,1185000,85,1224,1926,93,3816.12
872,3658 E 48TH AVENUE,1/14/2020,1633000,7,2787,1971,49,6313.2
873,660 E 52ND AVENUE,7/11/2019,2360000,225,3342,1980,40,8174
874,2755 ALMA STREET,11/12/2019,1615000,2,1944,1928,91,3960
875,2535 E 1ST AVENUE,2/3/2020,1275000,7,2003,1952,68,4500
876,6151 ST. CATHERINES STREET,11/7/2019,1588008,5,2475,1969,50,4026
877,3354 W 10TH AVENUE,10/8/2019,2255000,92,3128,1928,92,6466
878,3636 W 11TH AVENUE,9/16/2019,2041000,0,2399,1973,46,4027.98
879,826 NOOTKA STREET,9/3/2019,1155000,3,2082,1970,49,3435
880,3235 W 12TH AVENUE,6/10/2019,2300000,8,2172,1928,91,4841
881,5323 SLOCAN STREET,4/1/2020,1153000,6,1798,1957,63,3432
882,6435 NANAIMO STREET,7/25/2019,1285000,1,2500,1961,58,5468
883,1204 LILLOOET STREET,9/30/2019,1705000,7,2509,2011,8,3587.43
884,2929 W 29TH AVENUE,11/1/2019,2000000,12,2494,1937,82,4068.9
885,2716 YALE STREET,3/15/2019,1380000,99,1628,1944,75,4129.75
886,3370 MACDONALD STREET,11/4/2019,1590000,24,2100,1963,56,5125.49
887,8515 CORNISH STREET,10/15/2019,2210000,6,2971,1995,24,5115
888,3487 NORMANDY DRIVE,2/18/2020,2379047,4,3887,2019,1,4510
889,2814 W 20TH AVENUE,10/16/2019,2505000,89,2708,1986,34,4880
890,4173 W 14TH AVENUE,10/17/2019,2850000,8,2504,1995,24,4026
891,2955 GRANT STREET,10/8/2019,1500800,0,2586,1991,28,4254.5
892,7537 HUDSON STREET,6/12/2019,2945000,21,3615,2001,18,6031.5
893,2507 E KENT AVENUE NORTH,5/10/2020,1175000,5,1443,1994,26,2288.74
894,2836 E 23RD AVENUE,6/3/2019,1190000,35,1972,1955,64,3960
895,1570 W 64TH AVENUE,4/23/2019,1984000,75,2828,1920,99,4029.3
896,825 E 31ST AVENUE,10/18/2019,2335000,3,2431,2017,2,3300
897,4625 DUMFRIES STREET,6/10/2019,1665000,140,2288,1998,21,4440
898,215 E 36TH AVENUE,11/26/2019,1500000,1,1951,1941,78,4806.7
899,3242 W 29TH AVENUE,2/8/2020,2512000,16,2950,1967,53,5200
900,995 PENTICTON STREET,3/9/2020,2380000,5,2343,1977,43,3630
901,3721 W 11TH AVENUE,4/20/2020,2150000,12,2192,1995,25,3663
902,1414 E 60TH AVENUE,8/13/2019,1380000,37,1841,1952,67,5313.14
903,3427 DIEPPE DRIVE,2/13/2019,1150000,212,1580,1948,71,4620
904,1159 E 27TH AVENUE,2/3/2020,1375000,7,1836,1947,73,4356
905,3516 W 3RD AVENUE,9/4/2019,2650000,8,3310,1912,107,3986
906,1278 KASLO STREET,3/9/2020,1660000,8,2072,2005,15,3828
907,2476 GALT STREET,3/23/2020,1280000,14,2381,1967,53,4026
908,4187 W 11TH AVENUE,11/25/2019,2338000,1,2570,1925,94,4026
909,1519 W 33RD AVENUE,8/6/2019,2438000,99,3043,2015,4,4305
910,2672 E 57TH AVENUE,11/22/2019,2171428,26,3491,2019,1,4062
911,2196 W 6TH AVENUE,10/6/2019,2490000,36,2502,1912,107,3400
912,505 SKEENA STREET,6/3/2019,1549000,7,2881,1930,89,3960
913,2225 W 16TH AVENUE,1/2/2019,2080000,168,2114,1908,111,6250
914,3568 TURNER STREET,10/29/2019,1230000,40,2101,1992,28,3498
915,7308 ANGUS DRIVE,5/28/2019,2180000,18,2883,1940,79,7434
916,3456 W 36TH AVENUE,10/24/2019,3000000,135,3893,1994,26,6512
917,2880 W 24TH AVENUE,8/30/2019,2743000,31,2414,2008,11,4030
918,1950 NANTON AVENUE,10/18/2019,3000000,4,4158,1920,99,7732.5
919,4648 WINDSOR STREET,2/10/2020,1660000,5,2261,1988,32,3539.25
920,7455 WEST BOULEVARD,9/16/2019,1709000,8,2188,1941,78,4800
921,2276 E 52ND AVENUE,4/20/2020,1245000,1,2414,1986,34,4322.01
922,2455 W 10TH AVENUE,11/19/2019,2680000,11,3334,1930,89,6250
923,3730 W 15TH AVENUE,3/9/2020,2110000,60,2165,1915,105,4026
924,703 HEATLEY AVENUE,7/25/2019,738000,196,1153,1901,119,1525
925,4080 W 35TH AVENUE,3/6/2020,2200000,9,2016,1948,72,4257
926,3208 E 53RD AVENUE,6/6/2019,2680000,0,4436,2019,0,5499.36
927,91 E 40TH AVENUE,10/5/2019,1550000,30,1676,1944,75,4026
928,757 E 59TH AVENUE,11/18/2019,2300000,1,3664,2019,0,3996
929,640 E GEORGIA STREET,5/27/2019,1860000,100,3335,1895,124,3050
930,2709 WILLIAM STREET,2/3/2020,1690000,15,2152,1927,93,3564
931,4292 KASLO STREET,8/22/2019,1058000,21,1593,1934,85,3071.2
932,303 E 51ST AVENUE,7/29/2019,1582500,14,2525,1993,26,4160
933,5232 HOY STREET,7/29/2019,1070000,95,1735,1950,69,3804
934,7827 CARTIER STREET,9/10/2019,1865000,89,2347,1979,40,4026
935,250 E 61ST AVENUE,7/4/2019,935000,5,1620,1910,109,3286
936,369 E 30TH AVENUE,2/20/2020,1575000,2,1905,1910,110,1956.1
937,5818 ALMA STREET,2/28/2020,2570000,9,3357,1929,91,6830
938,1270 KELOWNA STREET,3/19/2020,1035000,17,2450,1945,75,3826
939,2142 NAPIER STREET,4/14/2020,1560000,6,2069,1911,109,4026
940,494 E 12TH AVENUE,10/25/2019,1575000,21,2932,1910,109,4270
941,6847 SHERBROOKE STREET,3/16/2020,2000000,52,3492,2019,1,4019.7
942,1108 E 53RD AVENUE,6/4/2019,1798000,4,3216,1922,97,9180
943,437 VERNON DRIVE,4/22/2020,1510000,18,1892,2017,3,1843.36
944,3599 W 32ND AVENUE,7/1/2019,2455000,109,2324,2019,1,3045.46
945,727 W 64TH AVENUE,5/24/2019,2548800,81,3319,1996,23,5504
946,6343 YEW STREET,3/3/2020,1800000,25,1758,1926,94,4144.47
947,2035 COLLINGWOOD STREET,10/14/2019,2035000,4,2813,1912,107,3600
948,2205 GRAVELEY STREET,9/11/2019,1228000,157,2455,1913,107,3141
949,4772 ELGIN STREET,1/29/2020,2285000,9,2493,2019,1,3606
950,4685 NANAIMO STREET,11/19/2019,1425000,1,2443,1967,52,4614.87
951,4583 WINDSOR STREET,6/5/2019,1615000,2,1782,1912,107,3559.5
952,1503 E 60TH AVENUE,3/16/2020,1500000,58,2500,1956,64,4885.05
953,2211 E 61ST AVENUE,10/16/2019,1488000,4,1924,1952,67,5075
954,2552 WILLIAM STREET,3/10/2020,1726000,6,1777,1946,74,3630
955,2176 W 57TH AVENUE,4/20/2020,2950000,40,3370,1957,63,12883.77
956,3445 W 30TH AVENUE,4/24/2020,2193988,12,1749,1935,85,4290
957,2919 E 54TH AVENUE,3/18/2020,1288000,46,690,1954,66,4467
958,374 E 26TH AVENUE,4/30/2019,860000,101,1000,1910,109,2027.75
959,5769 JOYCE STREET,3/17/2020,1594000,23,2192,2002,18,4026
960,2825 ONTARIO STREET,3/10/2020,1898500,7,2068,1901,119,2475
961,3680 HENNEPIN AVENUE,3/16/2020,1244000,1,2127,1980,40,2825
962,521 UNION STREET,7/5/2019,1380000,56,2538,1901,118,3058
963,3839 ST. CATHERINES STREET,2/5/2020,1150000,7,1299,1913,107,3300
964,3335 W 39TH AVENUE,5/8/2019,2300000,69,3016,1941,78,5320
965,2105 E 43RD AVENUE,10/28/2019,1302000,33,2033,1956,63,4028.04
966,2725 E 18TH AVENUE,3/4/2020,2188000,7,2566,2017,3,3379.2
967,1225 E 35TH AVENUE,2/14/2020,1730000,10,1940,1978,42,3214.5
968,7898 HUDSON STREET,1/9/2019,2043000,241,2378,1990,29,3983.1
969,4054 W 14TH AVENUE,6/17/2019,2180000,8,2140,1972,47,4022.7
970,4047 W 18TH AVENUE,9/11/2019,2050000,7,3374,1927,92,4492.95
971,4726 GOTHARD STREET,3/16/2020,1170000,7,1744,1959,61,3630
972,2208 E 43RD AVENUE,2/18/2020,1920000,6,2526,1997,23,5374.32
973,7970 OAK STREET,9/5/2019,1950000,82,3724,1928,91,5925
974,8092 HAIG STREET,7/2/2019,2200000,70,3206,2019,0,3846.01
975,4560 W 7TH AVENUE,8/21/2019,2300000,4,2224,1990,29,3715.8
976,1888 E 53RD AVENUE,5/17/2019,1299000,31,1989,1989,30,3456
977,7569 VIVIAN DRIVE,7/2/2019,2670000,78,4652,2017,2,5415
978,3513 W 19TH AVENUE,8/21/2019,2850000,75,2818,2001,18,4026
979,3006 W 28TH AVENUE,8/7/2019,2380000,42,3001,1927,92,4297.92
980,2215 W 13TH AVENUE,5/19/2020,2840000,9,5872,1910,110,6250
981,933 E 51ST AVENUE,6/4/2019,1450000,2,2606,1983,36,4397.25
982,428 E 46TH AVENUE,4/8/2019,1636500,121,2469,1996,23,4026
983,416-418 UNION STREET,9/9/2019,1600000,32,2301,1980,39,3150
984,3676 NAPIER STREET,9/25/2019,1200000,4,2228,1983,36,3550.8
985,6583 KNIGHT STREET,6/24/2019,1549900,25,2789,2017,2,3676
986,3280 GEORGIA STREET,1/16/2020,904000,44,2166,1928,92,3547.5
987,3051 KITCHENER STREET,10/29/2019,1350000,28,1926,1944,75,4254.5
988,5239 PRINCE ALBERT STREET,8/20/2019,1580000,3,2205,1992,27,3630
989,1594 E 22ND AVENUE,8/6/2019,1144000,4,1953,1923,96,3300
990,1083 E 57TH AVENUE,9/10/2019,1070000,4,1041,1941,78,3656.4
991,4995 ELGIN STREET,5/22/2019,1285000,23,2028,1963,56,3300
992,3683 DUNDAS STREET,2/10/2020,1410000,11,2347,1927,93,4026
993,2667 E 22ND AVENUE,10/30/2019,1602000,7,2108,2007,12,3630
994,2575 E 29TH AVENUE,7/30/2019,1060000,9,1700,1946,73,3333
995,2032 E 22ND AVENUE,10/9/2019,2190476,30,3412,2019,0,4026
996,4827 JOYCE STREET,10/30/2019,1358000,5,2071,1996,23,3300
997,795 E 52ND AVENUE,10/4/2019,1388000,14,1917,1996,23,3323
998,3460 QUEBEC STREET,10/29/2019,1408000,7,2067,1913,106,1952
999,1366 E 49TH AVENUE,11/4/2019,1577000,8,2160,2007,12,3597
1000,5664 TYNE STREET,12/2/2019,1358000,8,2464,1971,48,4422.68
1001,3308 AUSTREY AVENUE,8/17/2019,1725000,63,2894,2019,0,3300
1002,6583 CLARENDON STREET,1/14/2020,1605000,29,2501,1970,50,4356
1003,3655 TRAFALGAR STREET,3/30/2020,2430000,8,2911,1988,32,4139.85
1004,414 E 60TH AVENUE,5/19/2020,1197232,5,1754,1954,66,3382
1005,6550 LANCASTER STREET,4/25/2019,1500000,64,2134,1959,60,5718.19
1006,2258 E 37TH AVENUE,8/12/2019,1480000,106,2603,1979,40,4661.2
1007,601 E PENDER STREET,1/11/2020,1670000,123,4100,1908,112,4150
1008,2305 W KING EDWARD AVENUE,4/23/2019,2150000,42,2109,1951,68,6093
1009,1738 W 58TH AVENUE,3/4/2019,2600000,106,3380,1991,28,5600
1010,2701 W 1ST AVENUE,9/5/2019,2100000,11,2942,1922,97,2599
1011,3027 E 2ND AVENUE,9/16/2019,1280000,2,1586,1946,73,5020
1012,3475 W 8TH AVENUE,5/27/2019,1890000,16,2757,1946,73,3465
1013,2705 E 46TH AVENUE,8/20/2019,1470000,22,2500,1973,46,4026
1014,3266 GRAVELEY STREET,8/26/2019,1235000,0,2392,1964,55,3846
1015,884 E 28TH AVENUE,9/3/2019,1586000,6,2309,1932,87,4777.5
1016,1128 E 26TH AVENUE,7/24/2019,1260000,20,1808,1960,59,3696
1017,8490 ADERA STREET,5/28/2019,2398000,129,2760,2001,18,4583.8
1018,2425 DUNDAS STREET,9/3/2019,2000000,57,3448,2019,0,4026
1019,3275 E 20TH AVENUE,6/25/2019,1106000,106,1485,1949,70,3620
1020,4314 DUMFRIES STREET,11/25/2019,1558000,22,2091,1953,66,4989.2
1021,3910 INVERNESS STREET,6/2/2019,960000,7,2142,1912,107,2697
1022,5755 PRINCE ALBERT STREET,2/11/2020,1652000,24,2016,1952,68,5030
1023,3850 LILLOOET STREET,9/30/2019,1230000,7,2240,1974,45,3552.25
1024,886 E 38TH AVENUE,4/15/2019,1185000,114,2223,1911,108,4026
1025,2148 E 4TH AVENUE,7/16/2019,1500000,182,1695,1912,108,2590
1026,926 E 58TH AVENUE,11/6/2019,1060000,0,1650,1946,73,3692.7
1027,3782 ONTARIO STREET,1/31/2020,1655000,28,2354,1929,91,3387
1028,3037 W 42ND AVENUE,2/3/2020,2605000,8,2487,1991,29,4050
1029,4010 W 19TH AVENUE,1/8/2019,2880000,203,3004,1939,80,5795
1030,3980 W 23RD AVENUE,6/3/2019,3000000,15,2765,1931,88,4026
1031,3987 TUPPER STREET,5/8/2019,2350000,147,3481,1929,90,5886.65
1032,3110 NANAIMO STREET,4/1/2019,1100000,87,1250,1943,76,5910
1033,1470 E 28TH AVENUE,10/21/2019,1600000,18,3188,1970,49,6176
1034,2504 E 1ST AVENUE,4/23/2019,1185000,54,2308,1956,63,4483
1035,7312 VICTORIA DRIVE,7/17/2019,1500000,30,2101,1941,78,7058.04
1036,3981 W 11TH AVENUE,1/23/2020,2798000,10,2498,1925,95,4029
1037,2539 E 18TH AVENUE,9/19/2019,1245000,45,1660,1942,77,4105
1038,3169 WATERLOO STREET,7/22/2019,2456000,5,3303,1990,29,5517
1039,4435 RUPERT STREET,8/6/2019,1220000,42,1857,1953,66,4573
1040,2606 E 5TH AVENUE,4/29/2019,1400000,58,2092,1942,77,4026
1041,1175 WAVERLEY AVENUE,6/4/2019,1350000,50,2732,1971,48,6093
1042,329 E 24TH AVENUE,2/26/2020,1950000,4,2152,1910,110,4057
1043,3432 E 23RD AVENUE,6/11/2019,1314000,43,2650,1966,53,3960
1044,3379 W 23RD AVENUE,9/11/2019,2175000,14,1636,1928,91,4026
1045,5597 INVERNESS STREET,3/4/2019,1950000,145,2964,2012,7,4125
1046,3427 MONS DRIVE,11/6/2019,1210000,1,1446,1948,71,4510
1047,3492 E 49TH AVENUE,3/12/2020,1360000,47,2782,1972,48,4845
1048,6282 WINDSOR STREET,12/10/2019,1380000,8,1876,1953,66,4026
1049,4344 COLLINGWOOD STREET,2/28/2020,1850000,11,1932,1926,94,3630
1050,2742 W 2ND AVENUE,8/30/2019,2450000,30,2409,1926,93,3960
1051,2321 PARKER STREET,1/13/2020,1416000,0,1771,1947,73,4026
1052,3687 HAIDA DRIVE,5/1/2019,1620000,96,3160,1980,39,6150
1053,3089 CHARLES STREET,9/16/2019,1790000,40,3026,2011,8,4290
1054,563 W 20TH AVENUE,5/23/2019,1860000,63,2389,1939,80,4026
1055,5530 KERR STREET,7/22/2019,1260000,74,2267,1945,74,4580.28
1056,4788 DUNBAR STREET,1/2/2020,2321905,35,2355,2019,1,3034.79
1057,3265 SW MARINE DRIVE,2/11/2020,2825000,7,6556,1962,58,11400
1058,3037 W 28TH AVENUE,3/2/2020,2500000,0,2715,1969,51,4297.92
1059,2505 E KENT AVENUE NORTH,10/29/2019,1440000,24,2177,1994,25,3578.93
1060,77 E KING EDWARD AVENUE,11/14/2019,1650000,3,2316,1905,114,4063.95
1061,682 W 21ST AVENUE,11/3/2019,2988221,0,2794,2002,17,4026
1062,521 E 20TH AVENUE,12/18/2019,1084600,23,867,1910,110,3023
1063,188 E 61ST AVENUE,8/19/2019,1250000,14,2361,1993,26,3630
1064,3054 E 21ST AVENUE,11/25/2019,1450000,7,2285,1986,33,3637
1065,1012 E 58TH AVENUE,7/31/2019,1905000,103,2630,2017,2,3762
1066,174 E 48TH AVENUE,10/11/2019,2036190,50,3369,2019,0,3864
1067,3323 E 23RD AVENUE,7/18/2019,1488000,12,2200,2001,18,3960
1068,5588 HOLLAND STREET,9/9/2019,2800000,55,2816,1936,83,8877
1069,3281 E 7TH AVENUE,7/12/2019,1080000,4,1712,1942,77,4026
1070,2561 E 7TH AVENUE,7/29/2019,1354000,51,2352,1961,58,4026
1071,1915 E 53RD AVENUE,4/1/2019,1210000,89,1646,1957,62,3385
1072,3645 FRASER STREET,3/19/2020,1230000,53,2358,1906,114,3040
1073,3002 GRAVELEY STREET,6/18/2019,1100000,6,922,1926,93,3902.75
1074,5785 CHESTER STREET,4/8/2019,2115000,82,3515,2016,3,4026
1075,6250 PRINCE ALBERT STREET,7/4/2019,1665000,76,2205,2006,13,4026
1076,2754 DUNDAS STREET,10/16/2019,1550000,9,2686,1910,109,5856
1077,628 E 54TH AVENUE,6/24/2019,1250000,13,2632,1973,46,4032
1078,1146 E 60TH AVENUE,3/12/2020,1482000,8,1940,1952,68,6180
1079,3322 W 38TH AVENUE,5/25/2020,2880000,7,2959,1925,95,5475
1080,2971 E 16TH AVENUE,9/9/2019,1385000,6,2279,1963,56,3996.66
1081,946 E 24TH AVENUE,9/16/2019,1225000,8,1670,1913,106,2161.5
1082,7 W 20TH AVENUE,5/10/2019,2050000,143,2046,1927,92,4570.5
1083,5304 FRASER STREET,5/1/2019,840000,53,906,1913,106,3399
1084,4377 W 14TH AVENUE,4/17/2020,2802000,3,3603,1911,109,5734
1085,4507 W 14TH AVENUE,3/25/2019,2900000,191,2407,1999,20,4026
1086,4448 COMMERCIAL STREET,3/12/2020,1085000,8,2028,1908,112,4081.94
1087,2509 E PENDER STREET,2/24/2020,1570000,9,2599,1976,44,4026
1088,50 E 56TH AVENUE,4/28/2020,2468000,6,2586,2020,0,3630
1089,1747 E 8TH AVENUE,8/19/2019,1325000,7,2036,1993,26,3115
1090,2851 E 15TH AVENUE,6/18/2019,1265000,257,1660,1955,65,4023
1091,3088 E GEORGIA STREET,5/22/2019,1180000,168,1780,1946,74,3481.5
1092,2786 DUNDAS STREET,4/23/2019,1300000,49,2450,1925,94,5856
1093,3151 W 45TH AVENUE,8/8/2019,2575000,287,2400,1948,72,6838.1
1094,4995 ST. CATHERINES STREET,1/10/2020,1155000,4,1585,1953,67,3300
1095,3328 W 39TH AVENUE,11/20/2019,2273000,11,2191,2013,6,2537.5
1096,6579 MAPLE STREET,9/18/2019,2700000,8,2645,1922,97,7789.6
1097,720 HAWKS AVENUE,10/15/2019,1265000,47,2394,1905,114,2684
1098,312 E 32ND AVENUE,2/11/2019,1925000,314,2253,2017,3,3295
1099,2895 W 5TH AVENUE,5/24/2019,1715000,11,2679,1930,89,4092
1100,2646 MCGILL STREET,8/21/2019,1125000,54,1520,1928,91,4081
1101,6161 ST. GEORGE STREET,11/27/2019,1498000,17,2313,1975,44,4026
1102,2924 W 41ST AVENUE,9/9/2019,1850000,3,2651,1925,94,4455
1103,3174 E 3RD AVENUE,1/16/2020,1350000,20,2444,1965,55,4154
1104,1771 E 5TH AVENUE,6/3/2019,1555000,7,2251,1912,107,2500
1105,168 E 48TH AVENUE,10/7/2019,2080714,27,2774,2019,0,3864
1106,326 WEBBER AVENUE,9/16/2019,1550000,10,1985,1910,109,2432.1
1107,4514 NANAIMO STREET,5/21/2019,1360000,41,1682,2003,16,2940
1108,518 KEEFER STREET,1/3/2020,1189000,47,3189,1910,110,3050
1109,3164 W KING EDWARD AVENUE,4/4/2020,2050000,19,3050,1973,47,4199.9
1110,1982 1984 E 12TH AVENUE,2/6/2020,1375000,5,2168,1913,107,4026
1111,7848 MAIN STREET,6/20/2019,1375000,15,3600,1953,66,5860.99
1112,4409 W 16TH AVENUE,1/21/2019,2965000,180,2850,2018,1,4026
1113,1019 W 46TH AVENUE,2/3/2020,2988000,42,3900,1986,34,7200
1114,8523 CORNISH STREET,6/18/2019,2100000,1,3000,1994,25,5121.6
1115,1275 E 60 AVENUE,2/7/2020,1250000,4,1822,1960,60,3861
1116,4799 GOTHARD STREET,7/23/2019,1472000,7,2210,2001,18,4176
1117,2168 E 7TH AVENUE,9/9/2019,2300000,9,3644,1992,27,6039
1118,4808 TRAFALGAR STREET,2/17/2020,2890000,0,3249,1940,80,7420
1119,1407 W 48TH AVENUE,4/8/2019,2700000,76,3495,1942,77,7270
1120,615 W 23RD AVENUE,2/4/2020,2570000,67,2779,1955,65,4026
1121,120 E 24TH AVENUE,11/12/2019,1650000,7,1860,1910,109,2416.35
1122,7951 FRENCH STREET,6/11/2019,1680000,78,1618,1949,70,4327.73
1123,3425 W 33 AVENUE,10/21/2019,2680000,2,3374,1937,82,7308
1124,5078 ST. CATHERINES STREET,6/20/2019,1147000,2,1539,1946,73,3234
1125,3246 E 27TH AVENUE,3/5/2020,1632000,1,2780,1994,26,3960
1126,2350 E 49TH AVENUE,5/27/2019,1500000,133,2606,1967,52,6190
1127,2087 E 28TH AVENUE,3/16/2020,1450000,0,1900,1957,63,4204.2
1128,2575 W 15TH AVENUE,7/23/2019,2600000,25,2096,1941,78,6250
1129,1090 E 57TH AVENUE,7/8/2019,1500000,29,2012,2012,7,3597
1130,2496 E 29TH AVENUE,9/3/2019,1038000,65,1684,1979,40,2866.19
1131,158 E 61ST AVENUE,6/7/2019,1250000,114,1518,1944,75,3811.5
1132,505 RUPERT STREET,2/26/2020,1907619,15,3400,2020,0,3960
1133,1561 KITCHENER STREET,9/24/2019,1470000,29,2538,1910,109,4026
1134,3986 W 24TH AVENUE,4/8/2019,2200000,149,2293,1941,78,5008.15
1135,3539 E 22ND AVENUE,8/29/2019,1188800,5,1344,1948,71,4469
1136,2566 MCBAIN AVENUE,10/7/2019,2805000,18,2017,1955,64,6255
1137,4586 W 8TH AVENUE,3/16/2019,2200000,119,2253,1987,32,3795
1138,2504 NAPIER STREET,4/6/2020,1210000,1,2335,1942,78,3564
1139,4250 OSLER STREET,7/10/2019,2488888,8,1872,1924,95,6000
1140,3949 PRINCE EDWARD STREET,10/28/2019,1711000,8,2079,1910,109,2665
1141,6963 LANARK STREET,9/20/2019,1450000,11,2272,1952,67,5001.66
1142,1216 E 17TH AVENUE,6/24/2019,1630000,8,2501,1913,106,4026
1143,638 W 24TH AVENUE,10/15/2019,2250000,20,1786,1927,92,4310.13
1144,2993 CHARLES STREET,1/13/2020,1432000,27,2098,1940,80,3802.78
1145,1750 E 15TH AVENUE,2/13/2020,1408000,1,1927,1960,60,4045
1146,1836 E 7TH AVENUE,2/29/2020,2190000,11,2631,1911,109,3132
1147,2275 W KING EDWARD AVENUE,9/6/2019,2788000,43,3811,1990,29,6092
1148,450 SALSBURY DRIVE,8/27/2019,1310000,33,2364,2010,9,1762
1149,4783 FAIRMONT STREET,7/29/2019,1140000,50,1981,1963,56,3283
1150,3058 18TH AVENUE,8/29/2019,1500000,44,2794,1966,53,5458
1151,19 W 62ND AVENUE,3/20/2020,1555000,3,2161,1914,106,3998.61
1152,2666 E 53RD AVENUE,1/8/2020,1780000,3,2572,1959,61,6014
1153,827 E 18TH AVENUE,6/29/2019,1388000,78,1826,2007,12,2494
1154,11 S KASLO STREET,2/3/2020,1680100,6,2938,1971,49,5856
1155,798 CASSIAR STREET,5/21/2019,1275000,17,1900,1994,25,3609.05
1156,3282 W 33RD AVENUE,9/20/2019,2450000,81,3059,1930,89,7810
1157,2633 E 2ND AVENUE,6/24/2019,1160000,10,2242,1927,92,4026
1158,2161 E 28TH AVENUE,2/10/2020,1360000,6,1468,1942,78,4204.2
1159,2706 CHEYENNE AVENUE,3/16/2020,1200000,7,2540,1968,52,4143.75
1160,1656 W 69TH AVENUE,2/4/2020,2250000,31,2429,1953,67,6000
1161,2036 E BROADWAY STREET,2/13/2020,1588000,5,1900,1948,72,4026
1162,2919 W 43RD AVENUE,7/23/2019,2430000,55,2974,1975,44,4455
1163,156 E 22ND AVENUE,6/19/2019,1225000,84,1706,1909,110,3295
1164,2450 OLIVER CRESCENT,6/13/2019,2800000,27,2282,1951,68,6220.47
1165,3241 E 28TH AVENUE,6/10/2019,1320000,12,2440,1977,42,3960
1166,476 E 49TH AVENUE,12/9/2019,1238000,3,1665,1949,71,4106.36
1167,756 W 64TH AVENUE,12/21/2019,2900000,22,3215,2006,14,5346.86
1168,7840 PRINCE ALBERT STREET,1/7/2020,1285000,1,2300,1958,62,3979.46
1169,2082 CHARLES STREET,9/24/2019,1327000,11,1263,2017,2,1696
1170,2915 MCGILL STREET,5/23/2019,1555000,50,2904,1928,91,6029.56
1171,2277 E 28TH AVENUE,8/5/2019,2660000,22,4809,2016,3,6039
1172,5385 EARLES STREET,7/10/2019,1065000,14,2400,1947,72,4007.52
1173,2476 E 6TH AVENUE,9/3/2019,1638000,6,3586,1982,37,6039
1174,1764 W 57TH AVENUE,5/2/2019,2050000,61,3298,1931,88,5600
1175,1231 SE MARINE DRIVE,11/14/2019,935000,7,2010,1958,61,3201
1176,151/153 W 18TH AVENUE,10/25/2019,2250000,6,2611,1924,95,4537.5
1177,3654 E PENDER STREET,7/17/2019,1900000,78,4419,2015,4,5115
1178,4334 PRINCE EDWARD STREET,6/27/2019,1265000,0,1500,1957,62,3577.5
1179,3520 W 31 AVENUE,3/16/2020,2240000,7,2530,1975,45,4318
1180,842 KEEFER STREET,8/27/2019,2100000,6,2727,1910,109,3050
1181,7315 NANAIMO STREET,3/27/2020,1480000,3,2462,1964,56,4225
1182,1108 W 41ST AVENUE,6/18/2019,2080000,15,2584,1947,72,7405
1183,1738 W 49TH AVENUE,7/18/2019,2483810,4,2624,2018,1,3748.8
1184,419 E 60TH AVENUE,11/12/2019,1372000,60,2271,1982,38,3892
1185,6988 MCKINNON STREET,1/23/2019,2825000,203,4625,2017,2,5500
1186,5704 KERR STREET,3/2/2020,1252000,4,2553,1941,79,4121.7
1187,6675 BERKELEY STREET,12/9/2019,1715000,27,2610,1994,26,4356
1188,3158 WELLINGTON AVENUE,10/8/2019,1400000,22,2497,1970,49,5155.72
1189,136 E 44TH AVENUE,8/7/2019,1290000,62,1841,1944,75,3894.4
1190,375 W 23RD AVENUE,3/17/2020,2470000,6,2597,1911,109,4900
1191,6483 WILTSHIRE STREET,11/1/2019,2700000,114,3841,1928,92,8775
1192,3505 FLEMING STREET,1/20/2020,1030000,8,1600,1910,110,2722.5
1193,3234 PRINCE EDWARD STREET,3/9/2020,950000,26,1601,1912,108,2382.36
1194,555 E 7TH AVENUE,1/20/2020,1660000,1,2322,1905,115,4026
1195,3809 W 24TH AVENUE,4/29/2020,2315000,13,2235,1978,42,4026
1196,7550 JASPER CRESCENT,1/27/2020,1869000,77,3578,1992,28,6348
1197,5023 SHERBROOKE STREET,7/11/2019,1190000,3,945,1946,73,3234
1198,1979 CHARLES STREET,9/4/2019,2048000,27,2066,2019,0,2732.8
1199,6183 DUMFRIES STREET,9/12/2019,1885000,100,2857,2012,8,4049
1200,3172 E 62ND AVENUE,5/26/2020,1601000,3,2119,1973,47,7000
1201,2988 E 52ND AVENUE,11/1/2019,1844000,21,2728,2019,0,3978
1202,2080 CASSIAR STREET,8/21/2019,1230000,28,2458,1966,53,4131.58
1203,5229 WINDSOR STREET,1/22/2020,1500000,5,2136,1970,50,3300
1204,5260 INVERNESS STREET,4/27/2020,1425000,25,1838,1910,110,3382
1205,622 W 27TH AVENUE,7/5/2019,3000000,38,2489,1945,74,7063
1206,4733 FLEMING STREET,6/13/2019,1550000,105,2400,1993,26,4102
1207,908 NOOTKA STREET,10/24/2019,1430000,56,1791,1958,62,3435.3
1208,3675 W 24TH AVENUE,8/20/2018,1900000,303,2287,1993,26,4029.3
1209,3465 SEAFORTH DRIVE,8/20/2019,1230000,61,1570,1948,71,6088.62
1210,6695 CLARENDON STREET,4/16/2019,1450000,112,2484,1964,55,4889
1211,4547 WELWYN STREET,9/5/2019,1450000,56,2398,1927,92,3146
1212,3247 W 6TH AVENUE,3/2/2020,2255000,55,2366,1927,93,3630
1213,2403 CAMBRIDGE STREET,2/4/2019,1400000,207,2575,1909,110,4021
1214,555 E 52ND AVENUE,1/3/2020,1715000,44,3000,1979,41,4880
1215,4045 PERRY STREET,7/5/2019,1145000,50,2310,1965,54,3861
1216,120 E 41ST AVENUE,6/14/2019,1313000,18,2230,1961,58,3795
1217,2909 GRAVELEY STREET,9/16/2019,1188000,3,1980,1940,79,4254.5
1218,2858 E 23RD AVENUE,12/30/2019,2100000,7,3450,2019,1,3960
1219,5750 ATHLONE STREET,7/12/2019,2700000,4,3300,1927,92,8700
1220,241 W 22ND AVENUE,7/8/2019,2900000,6,2823,2003,16,4026
1221,1258 E 27TH AVENUE,11/5/2019,1360000,6,1518,1945,74,4752
1222,542 E 50TH AVENUE,9/3/2019,1519000,9,2395,1912,107,4356
1223,3084 GRANDVIEW HIGHWAY,6/19/2019,1110000,6,2523,1937,82,4866.8
1224,2209 E 7TH AVENUE,10/3/2019,1510000,0,1894,1923,96,4191
1225,2281 E 40TH AVENUE,3/29/2019,1880000,204,3151,2003,16,5605.6
1226,1277 E 64TH AVENUE,12/2/2019,1433000,3,2577,1992,27,3960
1227,2349 ROSEDALE DRIVE,2/12/2020,1716250,22,2797,1968,52,6960
1228,136 E 53RD AVENUE,11/14/2018,1830000,370,2336,1996,23,3897
1229,3798 PUGET DRIVE,10/8/2019,3000000,8,2997,2016,3,3513.34
1230,1568 E 58TH AVENUE,7/19/2019,2600000,48,3744,2015,4,5117.5
1231,4470 W 12TH AVENUE,10/24/2019,2800000,7,2444,1995,24,4026
1232,1606 E 59TH AVENUE,4/8/2020,2400000,31,3720,2019,1,4242.6
1233,1310 E 24TH AVENUE,1/27/2020,1555000,7,2442,1924,96,3414
1234,2128 W 46TH AVENUE,10/1/2019,2950000,121,2814,2016,4,3919
1235,4093 DUNBAR STREET,3/11/2019,2761905,85,3082,2019,0,3630
1236,818 W 24TH AVENUE,6/10/2019,2850000,21,2594,2009,10,4323
1237,3107 E 29TH AVENUE,8/12/2019,1240200,20,2525,1973,46,3544
1238,750 W 52ND AVENUE,2/27/2020,2500000,5,4370,1959,61,6957
1239,3189 E 5TH AVENUE,6/4/2019,1235000,6,1774,1927,92,4154
1240,6816 TODERICK STREET,6/19/2019,1988000,5,3745,1972,47,11351
1241,8150 FRENCH STREET,12/29/2018,2715000,264,2971,2011,8,4111
1242,2551 PANDORA STREET,11/29/2019,1475000,9,2849,1941,78,4026
1243,2956 WATERLOO STREET,3/18/2020,1900000,50,2252,1927,93,3960
1244,4550 GOTHARD STREET,7/1/2019,1085000,95,1673,1926,93,3630
1245,5557 STAMFORD STREET,5/1/2019,1190000,209,1459,1959,60,4818
1246,2938 W 20TH AVENUE,7/24/2019,2848000,20,2475,1991,28,4026
1247,5855 LINCOLN STREET,3/25/2019,1438000,162,3172,1929,90,6276
1248,2475 E 54TH AVENUE,2/19/2020,1950000,65,3850,1981,39,8745
1249,4563 W 11TH AVENUE,2/19/2020,2300000,8,2270,1932,88,4019.4
1250,5939 BATTISON STREET,7/16/2019,1588000,13,2628,1970,49,6534
1251,2343 E 2ND AVENUE,4/20/2020,1450000,7,2106,1926,94,4026
1252,6568 BALSAM STREET,5/21/2019,1746000,30,2214,1922,97,3450
1253,2860 LAKEWOOD DRIVE,5/10/2019,1150000,55,1950,1928,91,3416
1254,5742 SHERBROOKE STREET,2/20/2020,1470000,6,2304,1984,36,4026
1255,807 W 61ST AVENUE,10/28/2019,1750000,6,2589,1977,42,4286.7
1256,1271 E 14TH AVENUE,11/25/2019,1985000,14,2651,1927,92,6350
1257,3085 E 28 AVENUE,6/14/2019,1070000,34,1730,1932,87,3729
1258,5086 ROSS STREET,7/8/2019,953000,35,1572,1946,73,3234
1259,3382 CHURCH STREET,7/10/2019,960000,56,1700,1930,89,4026
1260,1144 E 21ST AVENUE,9/26/2019,1250000,2,2250,1993,26,4026
1261,4314 PRINCE EDWARD STREET,3/16/2020,1960000,7,2017,1993,27,3577.5
1262,5865 BATTISON STREET,3/22/2019,1030000,131,1700,1930,89,4356
1263,575 W 17TH AVENUE,5/21/2019,1820000,55,2392,1927,92,4023.36
1264,6515 ELLIOTT STREET,10/28/2019,1386000,2,2020,1962,57,5567.07
1265,1308 E 61ST AVENUE,2/27/2020,1350000,26,2432,1957,63,3795
1266,2045 E 51ST AVENUE,9/3/2019,1275000,2,1786,1946,73,4026
1267,3023 VICTORIA DRIVE,3/16/2020,1599000,5,2503,1912,108,4026
1268,3544 E 28TH AVENUE,1/10/2020,1268000,2,1790,1957,63,3762
1269,3147 E 5TH AVENUE,7/2/2019,1300000,4,2578,1967,52,4154
1270,2660 TRINITY STREET,7/8/2019,2285714,33,3327,2019,0,4088
1271,250 E 54TH AVENUE,7/15/2019,1165000,24,1836,1955,64,3894
1272,2330 DUNDAS STREET,7/1/2019,1200000,10,1977,1949,70,4057
1273,385 W 22ND AVENUE,3/21/2020,2450000,20,2754,1930,90,4026
1274,3781 W 27TH AVENUE,3/3/2020,2350000,1,2578,1926,94,6443.42
1275,1733 E 1ST AVENUE,2/3/2019,2125000,321,2621,1904,116,6214.72
1276,1280 E 27 AVENUE,4/23/2019,1258000,56,1845,1955,64,4752
1277,3892 W 50TH AVENUE,11/1/2019,2135000,125,1980,1948,72,7809
1278,535 E 31ST AVENUE,3/18/2020,1903000,5,2562,2005,15,3150
1279,4258 ONTARIO STREET,7/24/2019,1928000,6,2017,1977,42,2643
1280,7458 INVERNESS STREET,3/19/2019,1540000,78,2262,2000,19,4343
1281,2690 NAPIER STREET,11/4/2019,1210000,122,1710,1944,76,3564
1282,2011 E 4TH AVENUE,7/15/2019,1590000,8,1953,1928,91,4026
1283,3569 ANZIO DRIVE,7/2/2019,1820000,6,3979,1989,30,6600
1284,2890 W 11TH AVENUE,3/2/2020,2585000,7,2558,1932,88,4026
1285,4443 W 14TH AVENUE,3/9/2020,2780000,8,2447,1994,26,4026
1286,6061 KERR STREET,9/16/2019,1518000,14,2454,1966,53,5404
1287,7087 CYPRESS STREET,5/30/2019,3000000,6,4040,1928,91,8580
1288,3470 W 6TH AVENUE,5/29/2019,2135000,26,2985,1920,99,3630
1289,6140 LANARK STREET,10/23/2019,1361400,5,2630,1982,37,4049
1290,4866 MANOR STREET,3/16/2019,880000,257,1747,1911,108,3267
1291,526 E 61ST AVENUE,8/21/2019,1029000,38,1700,1953,66,3465
1292,3081 E 6TH AVENUE,1/10/2020,1425000,24,2090,1969,51,4026
1293,628 E 19TH AVENUE,10/8/2019,1909750,12,2100,2013,6,3019.5
1294,1826 E 12TH AVENUE,3/25/2020,1050000,22,2200,1912,108,4092
1295,5260 INVERNESS STREET,4/1/2019,1180000,279,1840,1910,110,3383
1296,2716 E 24TH AVENUE,9/16/2019,1375000,12,2337,1948,71,4026
1297,1697 E 22ND AVENUE,1/22/2020,1930000,22,4272,1928,92,5696.17
1298,65 W KING EDWARD AVENUE,8/22/2019,2630000,42,3035,1939,80,7456
1299,3150 E 52ND AVENUE,8/17/2019,1450000,14,2282,1974,45,3993
1300,4478 PRINCE ALBERT STREET,2/24/2020,2798000,4,3501,2016,4,3960
1301,4038 MILLER STREET,4/5/2019,900000,194,2440,1912,107,3297
1302,2040 E 39TH AVENUE,3/3/2020,1600000,7,2627,1974,46,4697